iteration,continuity,epsilon,k,vf-phase-2,x-velocity,y-velocity,z-velocity
3001.0,0.2325419996785139,0.00081970387820824,0.0003273981600951438,0.0006357772212110749,1.714929643537583e-05,1.92602444337587e-05,1.688454544519184e-05
3002.0,0.2324065717857559,0.000815154305289148,0.0003265610121150129,0.0006361111852915872,1.715094097128822e-05,1.926046113882963e-05,1.68889862324238e-05
3003.0,0.2323430114508733,0.0008087592539521776,0.0003268273397192622,0.0006364434687936904,1.715495217971317e-05,1.926308583057167e-05,1.689239918503923e-05
3004.0,0.2323127941753446,0.0008309927460264144,0.0003275974069234505,0.0006367639346273369,1.715875291822695e-05,1.926703677801984e-05,1.689970658541784e-05
3005.0,0.2320806187767172,0.0008227053061599534,0.0003277965115739403,0.0006371075700025074,1.716168897573695e-05,1.927080615869196e-05,1.690853972682628e-05
3006.0,0.2321692432899027,0.0008252633898237718,0.0003282827144637689,0.0006374573399758046,1.716889670024482e-05,1.927683011055232e-05,1.69163521864021e-05
3007.0,0.2322939562873023,0.0008293592035857084,0.0003288160457951675,0.0006378144360537661,1.717313254707732e-05,1.928158562512111e-05,1.692397902582785e-05
3008.0,0.2319452934497485,0.0008360723764156187,0.0003293033800059979,0.0006381723248315474,1.717491726928898e-05,1.928426837028431e-05,1.692825831876562e-05
3009.0,0.2318659971631971,0.00083310479714262,0.0003295758104524569,0.0006385468013414202,1.717866853824311e-05,1.928339559731866e-05,1.693415664907721e-05
3010.0,0.2316736469879521,0.0008305193973840164,0.0003299589895839134,0.000638910128291912,1.718384256590596e-05,1.928821330162664e-05,1.693666464756376e-05
3011.0,0.2317506861556337,0.0008715315519084367,0.0003310128419590984,0.0006392822105577934,1.719113632344038e-05,1.929619667667503e-05,1.694245404103916e-05
3012.0,0.2317497680491742,0.0008640098420481969,0.0003315506162357202,0.0006396512743609882,1.719683570041768e-05,1.929764794116805e-05,1.695129399208985e-05
3013.0,0.2315753745659075,0.0008639546839939039,0.0003319727252495516,0.0006400319060462901,1.719902755412586e-05,1.929903062508558e-05,1.695640055289757e-05
3014.0,0.2316054155466659,0.0008583046484380915,0.0003321359452557952,0.0006403891643027593,1.720116445979843e-05,1.930053264323158e-05,1.695606346492067e-05
3015.0,0.2313340097480187,0.0008569737324995979,0.0003324735116710512,0.0006407618911659815,1.720936938018699e-05,1.930779918427291e-05,1.696020843766102e-05
3016.0,0.2316063899341356,0.0008634628288196211,0.000333192476638069,0.0006411195586036574,1.72181382721561e-05,1.931053547683031e-05,1.696504934067524e-05
3017.0,0.2314441962197251,0.0008640537755639669,0.0003339025308890472,0.0006415312249481657,1.722133534528326e-05,1.930772446393509e-05,1.697127468259761e-05
3018.0,0.2315413903041222,0.0008635824032079848,0.0003342139708363349,0.0006419220375466513,1.722514213776864e-05,1.930844670496426e-05,1.696863339217129e-05
3019.0,0.2312836787743952,0.0008635491976436009,0.0003347593568274745,0.0006423204620215857,1.723151873870648e-05,1.930900303079451e-05,1.696569699779945e-05
3020.0,0.2310977508365877,0.0008655868761137267,0.000334941269606761,0.0006427110141756014,1.723550406518049e-05,1.93133114769738e-05,1.696533235561119e-05
3021.0,0.2309971970259271,0.0008792133635171549,0.0003354120308125098,0.0006431373374454552,1.723839708191611e-05,1.931243664730271e-05,1.696876099546819e-05
3022.0,0.230880647966437,0.0008739692259923303,0.0003357887046083085,0.000643554806255673,1.724209503992973e-05,1.93120922199139e-05,1.697200253065618e-05
3023.0,0.2310436299383296,0.00087601732645597,0.0003363161575058741,0.0006439678722544236,1.724708723307036e-05,1.931514461061742e-05,1.697437777918517e-05
3024.0,0.2312348798018756,0.0008793676138562879,0.0003366184790921614,0.0006443666589089538,1.725407686165636e-05,1.932163934796015e-05,1.697828016072976e-05
3025.0,0.2312716596075821,0.0008826503529024592,0.0003372894486723152,0.000644772111199316,1.725787088399888e-05,1.932412053067477e-05,1.69802948832831e-05
3026.0,0.2310697636383763,0.000878332157772721,0.0003374008480882562,0.0006451797845740218,1.725902454268088e-05,1.932395451078923e-05,1.698031872219521e-05
3027.0,0.2311596320027455,0.0008895884885066864,0.0003379917062816553,0.0006455969849912588,1.726433897038747e-05,1.932659773775105e-05,1.698438564853063e-05
3028.0,0.2309983875802675,0.0008806116673157449,0.0003381417326825799,0.0006460167583531821,1.726808929376816e-05,1.932886854277718e-05,1.698169248355064e-05
3029.0,0.2308807443035175,0.0008810012607249642,0.0003386045314390814,0.0006464576727007152,1.72715966208918e-05,1.933225980588033e-05,1.698702219380116e-05
3030.0,0.2307012166302902,0.0008716683923693636,0.0003386775757748623,0.0006468910043630448,1.727173995488018e-05,1.933472092050535e-05,1.698499087232677e-05
3031.0,0.2309199712664719,0.0008889183346117609,0.000339676044987226,0.0006473486349881928,1.727490641708387e-05,1.934030883673029e-05,1.698465601524952e-05
3032.0,0.230911781537126,0.000891484602700987,0.0003399381626230064,0.0006477990605367903,1.728553198066995e-05,1.93472424709047e-05,1.699228268104031e-05
3033.0,0.2308928545429342,0.0008832477495877408,0.0003399156763931232,0.0006482584467301972,1.728282330480174e-05,1.934430193181086e-05,1.699449698636949e-05
3034.0,0.2308813260651596,0.0008839091479136763,0.0003406283928858971,0.0006487217894629048,1.728152543726728e-05,1.934650723438581e-05,1.69933796810697e-05
3035.0,0.2305779077255594,0.0008972931066101328,0.000341468305246504,0.0006492037231556583,1.72862273147495e-05,1.935035152883132e-05,1.699617052615217e-05
3036.0,0.2306209479597955,0.000890510568353464,0.0003412835204300183,0.0006496854486045737,1.728803098170937e-05,1.935344886341667e-05,1.699556625884717e-05
3037.0,0.2305753637867948,0.0008903536412500659,0.0003413288875156311,0.0006501835088327035,1.728841716440098e-05,1.935603702112477e-05,1.70008771015822e-05
3038.0,0.2305912873330331,0.0008962467157025956,0.0003417945817023343,0.0006506918948633593,1.728834864927869e-05,1.93586193832613e-05,1.700352286278226e-05
3039.0,0.2305047419451285,0.0008867717182099562,0.0003419162986092105,0.0006512083563364158,1.729022987024979e-05,1.936158051195296e-05,1.700547760123023e-05
3040.0,0.2303181219068473,0.0008835396623755857,0.0003420678724363597,0.0006517218783289043,1.729386751379998e-05,1.936716204149638e-05,1.700435524516964e-05
3041.0,0.2304177331491236,0.0008739537791592894,0.0003422137047136721,0.0006522611788427786,1.729564503763322e-05,1.936974133967185e-05,1.700586650887882e-05
3042.0,0.2306215771420184,0.0008812131467396815,0.0003427027312248329,0.0006527938401106804,1.729599591829544e-05,1.937315332275138e-05,1.701119406460763e-05
3043.0,0.2304863467021104,0.0008826986651281452,0.0003431600754024654,0.0006533115980828959,1.729706081460669e-05,1.937641350887803e-05,1.701448074581896e-05
3044.0,0.2303631493008017,0.0008747575745441991,0.0003431728886892233,0.0006538270831275963,1.729225805790493e-05,1.937648934229801e-05,1.701424578020507e-05
3045.0,0.2303736037674633,0.0008710157600899743,0.0003433128572453267,0.0006543425944403663,1.72901391808779e-05,1.938044349782784e-05,1.701818370316702e-05
3046.0,0.2304805481052803,0.0008649970701738821,0.0003434159208257108,0.0006548589108718283,1.72886235222117e-05,1.93852038694255e-05,1.701977229273366e-05
3047.0,0.2303564368429225,0.0008685443421421417,0.0003436213378431655,0.000655372317076528,1.728828230795281e-05,1.939013169825694e-05,1.702169282290243e-05
3048.0,0.2303034067616734,0.000872516486981672,0.0003439707700421457,0.0006558904637183648,1.72874898995607e-05,1.939647858872774e-05,1.702777118271722e-05
3049.0,0.2304351227693301,0.0008733096356716908,0.0003441829721919481,0.0006564459449046328,1.728320984973853e-05,1.93981414386275e-05,1.703884822803208e-05
3050.0,0.2302784932323537,0.0008738931483512645,0.0003444885287456214,0.0006570080476608764,1.727608947176002e-05,1.939415207610348e-05,1.703917252861105e-05
3051.0,0.2302249003153493,0.0008675780751522605,0.0003445160768829708,0.0006576082784820816,1.727300693322286e-05,1.939996246740121e-05,1.70383523170361e-05
3052.0,0.2302339092997645,0.0008755445026468274,0.0003449378334872207,0.0006582315192145688,1.72708191962134e-05,1.940811553774921e-05,1.704113225316579e-05
3053.0,0.2301138019284379,0.0008760132644602374,0.0003451632252590191,0.0006588969883597993,1.72700588240862e-05,1.941018384489869e-05,1.704734519802448e-05
3054.0,0.2300773555541366,0.0008806239561662234,0.0003454310275384911,0.0006595870396317109,1.726307238814462e-05,1.941252548672265e-05,1.705075215250844e-05
3055.0,0.2300363319998535,0.0008709493474781757,0.0003455691716375329,0.0006603191370348023,1.725865910545939e-05,1.941654829341195e-05,1.705340372434976e-05
3056.0,0.2301154640517007,0.0008742618980913353,0.000345793161425739,0.000661067697608769,1.725591844473153e-05,1.941952670793416e-05,1.705744824052984e-05
3057.0,0.2299082633889803,0.0008702026546185927,0.0003459876509877615,0.00066184105361355,1.725133392250345e-05,1.942044557225279e-05,1.706014752079352e-05
3058.0,0.2298289910132489,0.0008671070746033636,0.0003460600445661587,0.0006626220050776834,1.72455375593175e-05,1.942410449159362e-05,1.706220004182111e-05
3059.0,0.229732631988823,0.0008584353677256319,0.0003461375913569833,0.0006634155474496022,1.723866355419722e-05,1.942847591714552e-05,1.706473940431544e-05
3060.0,0.229698963813061,0.000859839807843434,0.0003464376421363592,0.0006642078628660169,1.723331717568732e-05,1.943455145740757e-05,1.706880202419443e-05
3061.0,0.2296895815280267,0.0008568617246744967,0.0003464788499801659,0.0006650117323918709,1.72302625079662e-05,1.944237405209791e-05,1.707507054888177e-05
3062.0,0.2296458364704935,0.0008603149154138325,0.000346718106230022,0.0006658001457904672,1.722335839910485e-05,1.944682780106807e-05,1.707818765712075e-05
3063.0,0.2294953585553552,0.0008528237121076699,0.00034675258404005,0.0006665993944451529,1.721778880010462e-05,1.944879235174665e-05,1.70868215178988e-05
3064.0,0.2294471022382708,0.0008574158725215989,0.0003470500015339241,0.0006673800663667633,1.721201134723384e-05,1.945395144266579e-05,1.709365629408948e-05
3065.0,0.2294253809007643,0.0008502134540355439,0.000347034412176715,0.0006681651540810287,1.720934948481171e-05,1.945523958127136e-05,1.710047095291222e-05
3066.0,0.2293254096042317,0.0008440305229587382,0.0003470846205548241,0.000668912833981717,1.720094859973714e-05,1.945564051544148e-05,1.710100628276163e-05
3067.0,0.2289935505867681,0.0008473404386193283,0.0003473460962810011,0.0006696951760131478,1.71956808522766e-05,1.945830362288814e-05,1.710386913312466e-05
3068.0,0.228973782310563,0.0008458137041287739,0.0003475631064330445,0.0006704643709822951,1.719306588091969e-05,1.946577972676512e-05,1.710698113276666e-05
3069.0,0.2291554798863152,0.0008463242580122071,0.0003476152250506314,0.0006712217012459418,1.719353679852481e-05,1.947264737691817e-05,1.711408022416827e-05
3070.0,0.2291184501179473,0.0008420732739880607,0.0003476522562815242,0.0006719319317746793,1.718741128100279e-05,1.947570380884666e-05,1.711863117060692e-05
3071.0,0.2290332702617172,0.0008434608289450717,0.0003478153921559944,0.0006726311503866784,1.718420543628914e-05,1.948365122401536e-05,1.713165192176456e-05
3072.0,0.228836868942201,0.0008470383628896165,0.0003478817029642197,0.0006733092943530537,1.717837325425274e-05,1.948443773676728e-05,1.713581235169348e-05
3073.0,0.2285026630286787,0.0008429492310052949,0.0003478502313142134,0.000673972436747773,1.717145371184193e-05,1.948798578379289e-05,1.714250614749778e-05
3074.0,0.2284533569633209,0.0008361327058337423,0.0003478509358669867,0.0006746004810788541,1.716707411397309e-05,1.949141106856732e-05,1.714872636044008e-05
3075.0,0.2283224112248411,0.0008348018017925294,0.0003479496073610678,0.0006752294001478242,1.716439741257717e-05,1.949437245292149e-05,1.715700999292027e-05
3076.0,0.2283889162757638,0.0008450039200891414,0.0003481140015705285,0.0006758141799459279,1.715823904667664e-05,1.950052243169106e-05,1.716879037264107e-05
3077.0,0.2281690990029845,0.0008430523896744577,0.0003481064872243729,0.0006763908470920999,1.715405628513055e-05,1.950495746350654e-05,1.717737239013563e-05
3078.0,0.2280513690518045,0.0008414551717426512,0.0003479791134019214,0.000676903147710508,1.714793155805821e-05,1.950607601587525e-05,1.718339125553581e-05
3079.0,0.2278604350002998,0.0008342666098912108,0.0003478906615289387,0.0006774149156693045,1.714320860283914e-05,1.950935502007235e-05,1.719278536020166e-05
3080.0,0.2278998407698997,0.0008354703762116638,0.0003479626162863622,0.0006778745258630207,1.713971042109945e-05,1.951378599603758e-05,1.720286514563112e-05
3081.0,0.2278416799701521,0.0008338056221182923,0.0003478895772951029,0.000678297646854739,1.713536245442691e-05,1.951545957661382e-05,1.721349633175602e-05
3082.0,0.2275463721546915,0.0008384120628360299,0.0003478467606549428,0.0006786830106216754,1.713185081280929e-05,1.951746055075777e-05,1.722177717061529e-05
3083.0,0.2274260122106019,0.0008296803055617132,0.0003477175947609413,0.0006790639519795177,1.712582049907421e-05,1.952196519358433e-05,1.723036857954319e-05
3084.0,0.2274978356830656,0.0008454265372896739,0.0003482432393896045,0.0006794024253044086,1.712211863570255e-05,1.952803572492222e-05,1.723779829432108e-05
3085.0,0.2274024278566154,0.0008464352490162918,0.0003480894689653808,0.0006797113917040692,1.71154712420521e-05,1.953103568830899e-05,1.724855023637253e-05
3086.0,0.2272106305569736,0.0008364260543670738,0.0003476977306538551,0.0006799896376455206,1.711494351944427e-05,1.953391048723693e-05,1.725921961052313e-05
3087.0,0.22710139970831,0.00082314223243791,0.0003471820146343715,0.0006802700136656263,1.710737201500975e-05,1.953359606302345e-05,1.726775485516551e-05
3088.0,0.2266579274905165,0.0008217110297517658,0.0003469582045423106,0.0006805221044647763,1.710346999213925e-05,1.953443796365052e-05,1.727456003253658e-05
3089.0,0.2264994156904654,0.000823782410781423,0.0003467995053276444,0.0006807550510255851,1.70959547109359e-05,1.953955487330622e-05,1.728375809727837e-05
3090.0,0.2265453017886456,0.0008249100672979932,0.0003470104161333542,0.0006809627368437076,1.709272322657664e-05,1.954351538246999e-05,1.728975878837226e-05
3091.0,0.2262741371459871,0.0008219314441117652,0.0003467658433108612,0.0006811681513141294,1.708654424707199e-05,1.95453872907232e-05,1.730316277077455e-05
3092.0,0.2263360108167631,0.0008091871286537372,0.0003460711255145343,0.0006813392977235925,1.708224473309151e-05,1.954903354535209e-05,1.731271872632508e-05
3093.0,0.2262307024350493,0.0008145936413334211,0.0003459211041816294,0.0006815222290697168,1.707836183589482e-05,1.955330258093554e-05,1.732179718090944e-05
3094.0,0.2263358818630075,0.0008070489010166025,0.0003454895657454738,0.0006816493342567326,1.707656558382368e-05,1.955651177818124e-05,1.733051699662291e-05
3095.0,0.2261233776683001,0.0008065393496987339,0.0003452254351234836,0.0006817986510497489,1.707371493757238e-05,1.955900903110617e-05,1.734400773117328e-05
3096.0,0.2260203917580154,0.0008017128584824239,0.0003447825974803879,0.00068192818806255,1.706734881004986e-05,1.956005687859868e-05,1.735290167023183e-05
3097.0,0.2256860322100095,0.000798254509694859,0.0003444318365385209,0.0006820821732467444,1.706440881311755e-05,1.956410733958051e-05,1.736309285000953e-05
3098.0,0.2256529209141975,0.0007961137430209828,0.0003441281719978816,0.0006822055378724464,1.705906909601601e-05,1.956709470755462e-05,1.737560757394195e-05
3099.0,0.2256787782326829,0.0007969767374786945,0.0003440182341770436,0.0006823289931965246,1.706066248803082e-05,1.956676673099198e-05,1.738789011372155e-05
3100.0,0.2256225032133655,0.0007930545801849427,0.0003436621316669985,0.0006824347976887904,1.705592973006057e-05,1.956959655802937e-05,1.739953202104286e-05
3101.0,0.2254923895849197,0.0007875004928970051,0.0003433932352450443,0.0006825458232710382,1.70579009337351e-05,1.957246523981875e-05,1.740914713326127e-05
3102.0,0.2255004126846688,0.0007856191847306285,0.0003430339104024805,0.0006826265124994948,1.705551680022057e-05,1.957488336092411e-05,1.741724874493106e-05
3103.0,0.2254964065817399,0.0007885608039574848,0.0003427551210099511,0.000682731759790411,1.705633924158637e-05,1.957738685471287e-05,1.742967005308171e-05
3104.0,0.2256162150866546,0.0007831186351381339,0.0003424106946448801,0.0006828288690716894,1.705491598821671e-05,1.957948210511854e-05,1.744206407259908e-05
3105.0,0.2255804048040179,0.0007804299574795182,0.0003421350787919306,0.0006829284573625058,1.70534704828272e-05,1.958138103456741e-05,1.745271931229651e-05
3106.0,0.2255357594752183,0.0007849296254366271,0.0003417365899521894,0.0006829738422314402,1.705196293694251e-05,1.958198354549392e-05,1.746367136485325e-05
3107.0,0.2256659605416827,0.0007770277566013442,0.0003412301143193909,0.0006830164102472732,1.705623370149942e-05,1.958321334640223e-05,1.747353807960023e-05
3108.0,0.2256455589555375,0.000775799869506667,0.000341015693492465,0.0006830294236850557,1.705509863571759e-05,1.958231715449633e-05,1.747909850856406e-05
3109.0,0.2255288558275479,0.0007794717709279887,0.0003407394982395635,0.0006830515408443195,1.70568718288306e-05,1.958410109300057e-05,1.748915411282121e-05
3110.0,0.2255627837704798,0.0007754808020354596,0.0003402016821802149,0.000683064975703399,1.705876317991397e-05,1.958245418287166e-05,1.74992474498847e-05
3111.0,0.2259194633171041,0.0007684007658193807,0.0003397179182956205,0.0006831064283104728,1.706073200938734e-05,1.958459381035698e-05,1.750963462112514e-05
3112.0,0.2256962853173511,0.0007625875499959214,0.0003393167576820513,0.000683162991260205,1.706678925711696e-05,1.958485463050694e-05,1.751948162872362e-05
3113.0,0.2258938380532112,0.000760734097585048,0.0003387720459142788,0.0006832129462855557,1.707230478566971e-05,1.958711718434085e-05,1.752661628657094e-05
3114.0,0.2261022593673035,0.0007638919663073787,0.0003385901409775497,0.0006832319653718755,1.707909024523922e-05,1.958640731099161e-05,1.75401814449172e-05
3115.0,0.225807877721572,0.0007655158747724446,0.0003381733450009906,0.0006832541688916905,1.708077591158597e-05,1.958536643957547e-05,1.75479923637878e-05
3116.0,0.2260535275269884,0.0007590715188734233,0.0003374942226247762,0.0006832510529289205,1.708450926945518e-05,1.958579409635442e-05,1.755750541189961e-05
3117.0,0.2258362652273132,0.0007542935495866705,0.0003370219668982844,0.0006832651333576719,1.708896448313904e-05,1.958707080034824e-05,1.756550161493207e-05
3118.0,0.2257909171439801,0.0007490048167699552,0.0003365232975060151,0.0006832931799056347,1.709508889977726e-05,1.958522523121675e-05,1.757510955120247e-05
3119.0,0.2257483619648308,0.0007388503659550637,0.0003359538086417865,0.0006833395243879815,1.709854720834483e-05,1.958602195536557e-05,1.758207333526262e-05
3120.0,0.2258077804007517,0.0007389261654297827,0.0003356449841259885,0.0006834021547323568,1.710512158420628e-05,1.958833321823738e-05,1.758758530696522e-05
3121.0,0.2260006414132048,0.0007368935304504308,0.0003353079640203556,0.0006834489586120325,1.711035944170766e-05,1.959147235951399e-05,1.759383940427671e-05
3122.0,0.2259276686386546,0.0007333326932776669,0.0003347306353803431,0.0006834863031835882,1.712116734070457e-05,1.958841801999653e-05,1.760363443613143e-05
3123.0,0.225783782962656,0.0007369076631793411,0.0003341844126188164,0.0006835327893251326,1.712862614538906e-05,1.958835195698146e-05,1.760751430380509e-05
3124.0,0.2257860763638909,0.0007402622334241417,0.0003338352608256009,0.0006835950803436078,1.713507210650237e-05,1.959057500036797e-05,1.76119063030314e-05
3125.0,0.2257576919534846,0.0007392056046077684,0.0003333189540392584,0.0006836756195389441,1.714361792705592e-05,1.959222783869677e-05,1.762437923314441e-05
3126.0,0.2257840810663948,0.000730525037328858,0.0003326546444963545,0.0006837679046083994,1.715092316615336e-05,1.959305202941954e-05,1.7631496771779e-05
3127.0,0.2260189317439276,0.0007248092392994771,0.0003320395249441752,0.0006838730035483244,1.716167853059338e-05,1.959264160257731e-05,1.763701086717896e-05
3128.0,0.226151032185342,0.0007285710020559453,0.0003317239366155588,0.0006839848416484194,1.717109158205963e-05,1.959336578378631e-05,1.76433282964873e-05
3129.0,0.2264395125833747,0.0007239820953790336,0.0003312454707885538,0.0006841267833940913,1.718383144392143e-05,1.95942779570966e-05,1.765061464123361e-05
3130.0,0.2265716433467689,0.0007200459595531303,0.0003308070337498174,0.0006842943980405385,1.719375374609537e-05,1.959785385421952e-05,1.765875641074463e-05
3131.0,0.2265824773652728,0.0007107851913515629,0.0003301052298524663,0.0006844779030913735,1.720405409230458e-05,1.959874991740731e-05,1.766438468783083e-05
3132.0,0.2269317981939981,0.0007112423811774395,0.0003296523314417787,0.0006846746439741719,1.721662918992623e-05,1.960158271036638e-05,1.767297625796104e-05
3133.0,0.2270343189127542,0.0007081345958921187,0.0003291743758269193,0.0006848707580301366,1.722860733189995e-05,1.959874191930216e-05,1.767969913488311e-05
3134.0,0.2269445265469211,0.0007023950729507302,0.0003285591256571581,0.0006851013843823708,1.723728997744289e-05,1.959616338568201e-05,1.767880220769746e-05
3135.0,0.2268778350002265,0.0007033916827089495,0.0003281932747528626,0.0006853479935800034,1.725062161298204e-05,1.959375891308504e-05,1.768267505533593e-05
3136.0,0.2272122921972507,0.0007112245785203883,0.0003278259888373109,0.0006856498758962315,1.726308034781125e-05,1.959866018234658e-05,1.768985976193444e-05
3137.0,0.2272981489721792,0.0007064545168114454,0.0003273050944827523,0.000685987572425102,1.727435304421571e-05,1.960152083529325e-05,1.769867499919712e-05
3138.0,0.2274914872959408,0.0007017844332176764,0.0003267027273620751,0.0006863485147048668,1.728181960422133e-05,1.960146264100726e-05,1.76986263571134e-05
3139.0,0.2272869772125296,0.0007020315404343957,0.0003262158147891501,0.0006867451501527662,1.729219415036414e-05,1.959935204753661e-05,1.769781091769345e-05
3140.0,0.2273289247076618,0.0006964090009746562,0.0003256654422082477,0.0006871826881008025,1.730449471277666e-05,1.95996836057212e-05,1.769726907580935e-05
3141.0,0.2274346614719084,0.000699736692196951,0.0003253613319290667,0.0006876732541780242,1.731837270172295e-05,1.959809259251535e-05,1.770520221064728e-05
3142.0,0.2273514175820423,0.000692188638363232,0.0003247592783871234,0.0006882168029715232,1.733048945293677e-05,1.959488470456384e-05,1.770607212487232e-05
3143.0,0.2273507295455361,0.0006834079844136383,0.0003241589458990112,0.000688795943669074,1.734295686846161e-05,1.959600534202412e-05,1.770834448414946e-05
3144.0,0.2275764597895804,0.0006860634782835672,0.0003238199907012581,0.0006894152735536911,1.735608447820756e-05,1.960132747099711e-05,1.771363769264491e-05
3145.0,0.2278109766818048,0.0006865286676887107,0.0003235577280867424,0.000690098331489262,1.73714984012841e-05,1.96043498219689e-05,1.77166129794025e-05
3146.0,0.2279116454609936,0.0006907059065043321,0.0003231594870255143,0.00069085556714098,1.738799030045535e-05,1.960365487142859e-05,1.771864503493429e-05
3147.0,0.228004725984466,0.0006956614148300083,0.00032302112345886,0.0006916575648330178,1.740477753700861e-05,1.960249996084817e-05,1.771881385062515e-05
3148.0,0.2282400097644399,0.0007134162616720019,0.0003228617378191877,0.0006925443560145459,1.741977416777528e-05,1.960281134464492e-05,1.771947909228354e-05
3149.0,0.228433952037091,0.0007486432343052845,0.0003228616563096535,0.0006934778962561429,1.74333954509771e-05,1.960411914716049e-05,1.772504719203748e-05
3150.0,0.2283927003245705,0.0007185888065048558,0.0003219876852276038,0.0006944718196061579,1.744366361552752e-05,1.960603446402752e-05,1.772548698600514e-05
3151.0,0.228518077900944,0.0007010781596449227,0.0003218417062910628,0.0006955197857650329,1.74582852544041e-05,1.960698107142273e-05,1.7729515901882e-05
3152.0,0.2282346794155443,0.0006876028322379462,0.000321441394328801,0.0006966015048635446,1.747015834691709e-05,1.960644637516257e-05,1.773037539045593e-05
3153.0,0.2284178312142523,0.0006829410186075572,0.0003210398676864085,0.0006977366079773255,1.748271994075151e-05,1.960599629014609e-05,1.773106344306269e-05
3154.0,0.2283310126106056,0.0006771901712308716,0.0003206170729490528,0.0006988669108235026,1.749305135332332e-05,1.960459557770469e-05,1.772541429517312e-05
3155.0,0.2283909797086856,0.000684068475607339,0.0003205198875483168,0.0006999965117731903,1.750690787166354e-05,1.960649235618614e-05,1.772524634247754e-05
3156.0,0.2286204678046422,0.0006794964139531825,0.0003199604794439418,0.0007011560543340415,1.752275549528553e-05,1.960659180778504e-05,1.772652358706416e-05
3157.0,0.2288510906577421,0.0007007660307071282,0.0003199929261253513,0.0007023391950539837,1.753608120287305e-05,1.960655162200323e-05,1.772867621544415e-05
3158.0,0.2288459187202518,0.0006918551326468384,0.0003197531230739998,0.0007035484884253708,1.754300352459251e-05,1.960374558035311e-05,1.773116987901393e-05
3159.0,0.2288130062636877,0.0006836950364435594,0.0003194917249042834,0.0007047946064667751,1.755586554115244e-05,1.960296578944767e-05,1.772835588882456e-05
3160.0,0.228759769541021,0.0006777082964400063,0.0003190211625523051,0.0007060392104542772,1.757009074534431e-05,1.96007591395268e-05,1.772479487169726e-05
3161.0,0.2292419953591173,0.0006884533258841587,0.0003188544157516422,0.0007073111852313817,1.758635616043973e-05,1.960068780986536e-05,1.772695856370245e-05
3162.0,0.2293121162819871,0.0006844966355127594,0.0003187382530527621,0.0007085832727153546,1.759758039755236e-05,1.959870702219514e-05,1.772735802139301e-05
3163.0,0.2292265943477739,0.0006826695115658766,0.0003184070076930372,0.0007098617903116679,1.761118496425898e-05,1.959514332157996e-05,1.77246791877397e-05
3164.0,0.2292168626928913,0.0006751116009048601,0.0003179552159515914,0.0007111335621521496,1.762088289848909e-05,1.959308787556782e-05,1.772265899365615e-05
3165.0,0.2295178466119637,0.0006717888265269712,0.0003176780215647414,0.0007123902576288955,1.763411602067569e-05,1.959381126987636e-05,1.772362317554665e-05
3166.0,0.2293807553882768,0.0006647845632233478,0.0003172536889827869,0.0007136434310410931,1.764643744739872e-05,1.959185880009106e-05,1.771885836258432e-05
3167.0,0.2295563142983156,0.0006756397147090119,0.0003171526987910755,0.0007149116457678035,1.76629452844107e-05,1.959180699209826e-05,1.771999941946524e-05
3168.0,0.2294798905729279,0.0006682022642926565,0.0003166953857747231,0.0007161505856853077,1.767156975073757e-05,1.958831096155448e-05,1.771572767082735e-05
3169.0,0.2296338577538679,0.0006752803172921808,0.0003165836152120657,0.0007173712601190493,1.767893376725853e-05,1.959055273934787e-05,1.771695767168761e-05
3170.0,0.2298612293481777,0.0006662810991365438,0.0003162242499157608,0.0007185618427313311,1.768937448197925e-05,1.958777858507637e-05,1.771410894559921e-05
3171.0,0.2297226821305489,0.0006701608996912036,0.0003160556002264997,0.0007197625501582864,1.769812319804695e-05,1.958798913847615e-05,1.771274666375399e-05
3172.0,0.2297365021942756,0.0006690904456246677,0.0003156956444839057,0.0007209594249266868,1.77078143739305e-05,1.9588572508061e-05,1.771044791927356e-05
3173.0,0.2298635060774093,0.0006754628401394692,0.0003156660873884222,0.0007221738778676785,1.771923810074764e-05,1.958395410800474e-05,1.771116991824446e-05
3174.0,0.2297776140354274,0.0006678703141502557,0.0003152285552891952,0.0007233900377732853,1.77256642010263e-05,1.957915177451475e-05,1.771008780820876e-05
3175.0,0.2297588368841395,0.0006681854496524039,0.0003149548816162421,0.0007245738404990457,1.773574581168875e-05,1.957639497849216e-05,1.770797408275818e-05
3176.0,0.2296381349861606,0.000687725071917311,0.0003149481512323793,0.0007257564236177082,1.774595607451707e-05,1.95755524456604e-05,1.770122674791448e-05
3177.0,0.2298266178580823,0.000686454564587743,0.000314657426693236,0.0007269490924400964,1.775474037087009e-05,1.957451099899894e-05,1.770094357694744e-05
3178.0,0.2298976541476883,0.0006881032250760402,0.0003145104805877503,0.0007281317398133243,1.776133198250996e-05,1.957273132446985e-05,1.769828813258536e-05
3179.0,0.2299385365618587,0.0006712676459393317,0.0003139688345607029,0.0007292863466338373,1.777045003586574e-05,1.957204087954266e-05,1.770099573052642e-05
3180.0,0.2298589204234662,0.0006697458455706153,0.0003136378354504772,0.0007304145053440687,1.777229179979085e-05,1.957091085740338e-05,1.770159534216957e-05
3181.0,0.229931296770708,0.00067318308309982,0.0003134875835933995,0.0007315457883417491,1.777567761368736e-05,1.956978503142308e-05,1.770544889645031e-05
3182.0,0.2297458180448326,0.000673232433265933,0.0003132288188254099,0.0007326533373515214,1.778098121165042e-05,1.956635442021381e-05,1.770126094250434e-05
3183.0,0.2297763973372788,0.0006742589790301069,0.0003131320831650827,0.000733714270912988,1.778945924538285e-05,1.95630470798383e-05,1.769966463611783e-05
3184.0,0.2294230953682171,0.0006708812894444089,0.0003129011542775817,0.0007347687969038254,1.779259576298283e-05,1.956124145219561e-05,1.770093737383334e-05
3185.0,0.2290397972141181,0.0006781054233535976,0.0003127650603721275,0.0007358360380940746,1.779974700517924e-05,1.955972161607186e-05,1.769631298771565e-05
3186.0,0.2290940870964131,0.0006741109833549637,0.0003124815911723538,0.0007368840346176171,1.780498968018505e-05,1.955823224668811e-05,1.769458673875831e-05
3187.0,0.2288708638207419,0.0006727245579182655,0.0003122902769395947,0.0007378982535284188,1.781016500432557e-05,1.955647628022863e-05,1.769481975884114e-05
3188.0,0.2290433854829454,0.0006910728334577344,0.0003124501419245114,0.0007389052561585363,1.781637377222375e-05,1.95530326406215e-05,1.769801380025454e-05
3189.0,0.229162383555406,0.0006886705412411545,0.0003123624310054684,0.0007399099691302641,1.781807366091711e-05,1.95544785516321e-05,1.770277768746916e-05
3190.0,0.2294173670428965,0.0006817732645101905,0.0003120707558036925,0.0007408939160728994,1.781782220496359e-05,1.955293821591627e-05,1.770936431441175e-05
3191.0,0.229079854648576,0.0006774245214592702,0.0003118209428337488,0.0007418564881926594,1.781468619857022e-05,1.954901454406657e-05,1.771527705378528e-05
3192.0,0.2292441293894227,0.0006725525650930383,0.0003115205148169787,0.0007428171473524321,1.78132585901175e-05,1.954621971283253e-05,1.77181441556243e-05
3193.0,0.2287508112648992,0.0006756532803352517,0.0003113773148880552,0.0007437773790214551,1.781677766325469e-05,1.954538130017908e-05,1.77234992176043e-05
3194.0,0.2288888695936194,0.0006770487900031569,0.0003112663130131302,0.0007447375988918012,1.78193406282417e-05,1.954141346015084e-05,1.77259689057145e-05
3195.0,0.228989821016169,0.0006780698637850938,0.0003110771274126323,0.0007456649287855408,1.782060712932587e-05,1.953991256477869e-05,1.773128139961455e-05
3196.0,0.2288899670032446,0.0006809557961413317,0.0003110468556139956,0.0007465987970775095,1.782474701545355e-05,1.953801220009717e-05,1.773632197874421e-05
3197.0,0.2287857682927509,0.0006795452230699288,0.0003108864689109154,0.0007475097731842345,1.782443504105438e-05,1.953534163408119e-05,1.773952331416823e-05
3198.0,0.2289364035381472,0.0006747792962926735,0.0003107174505849857,0.0007483908894110231,1.782415905480535e-05,1.953218933534568e-05,1.774350264894905e-05
3199.0,0.2287658250904716,0.000682112002060922,0.0003107141348311474,0.0007492236641888612,1.782620029720086e-05,1.953044671076875e-05,1.775080076271119e-05
3200.0,0.2287669712250419,0.0006788180617348126,0.0003105837725432464,0.0007500430227437671,1.782828160056554e-05,1.952571604966168e-05,1.775664343381326e-05
3201.0,0.2287210474175529,0.0006900991848077974,0.0003106420919000445,0.0007508149673272887,1.78298209938593e-05,1.952543775940323e-05,1.776582501862248e-05
3202.0,0.228647244536821,0.0006824931177872055,0.0003103949883954999,0.0007515427252135804,1.782812821389504e-05,1.952123800907011e-05,1.77711033155703e-05
3203.0,0.2284103668163913,0.0006852603316770529,0.0003104406666056813,0.0007522455676950244,1.78259854765114e-05,1.951618606028875e-05,1.777563563744327e-05
3204.0,0.2284146698384124,0.0006796510971857355,0.0003102289145099559,0.0007529062713092118,1.782582511730416e-05,1.951620445069162e-05,1.777665723106837e-05
3205.0,0.2285015393497973,0.0006905793938614884,0.0003102353342843183,0.0007535125582624631,1.782489051580782e-05,1.951756816459247e-05,1.77892860347758e-05
3206.0,0.228483792196437,0.0006841524505860806,0.000310071602909437,0.0007540875013120008,1.782327379344047e-05,1.951552352198501e-05,1.779455798066952e-05
3207.0,0.2285750346952554,0.0006884475348536811,0.000310107004379601,0.0007546381004146433,1.782184245000355e-05,1.951707004457204e-05,1.780037522627186e-05
3208.0,0.2286008263213811,0.0007017559311277051,0.0003106487462652994,0.000755166289255262,1.781969788555344e-05,1.951949482786484e-05,1.780655635838629e-05
3209.0,0.2287427291445492,0.0006973561596880323,0.0003106286993957918,0.00075564557806556,1.781810016357312e-05,1.952136362328436e-05,1.781399431681715e-05
3210.0,0.228571995027752,0.0006955789167089998,0.0003103443740657142,0.0007560665091013616,1.781416917838956e-05,1.951865042998026e-05,1.781921270341717e-05
3211.0,0.2283976012278638,0.0006915145063805907,0.0003101791184774249,0.000756452415432918,1.780807285513975e-05,1.951337079773096e-05,1.782567019238972e-05
3212.0,0.2281701598236748,0.0006865463363725907,0.0003100399898263292,0.000756824014621888,1.78016567862647e-05,1.950901048984332e-05,1.783225874505015e-05
3213.0,0.2283596944324462,0.0006988285501504761,0.0003101687034857132,0.0007571533593323509,1.780049078207211e-05,1.950870586460676e-05,1.784331204088681e-05
3214.0,0.228307906696837,0.0006925136231865494,0.0003098663200023287,0.0007574562361453306,1.779562928438553e-05,1.950632201700579e-05,1.784652234254724e-05
3215.0,0.2283198042426343,0.0006919917776980312,0.0003098750717778509,0.0007577207607723218,1.779165068907233e-05,1.950646433841889e-05,1.785052173986286e-05
3216.0,0.2282195332702196,0.0006929020413516377,0.0003098038765337336,0.0007579361461494346,1.779037121043109e-05,1.950407064160317e-05,1.78565653721386e-05
3217.0,0.2283693087015983,0.0006960481319778343,0.0003098348079229375,0.0007581416991397793,1.778614483610659e-05,1.950525316283366e-05,1.786091927305159e-05
3218.0,0.228195328115867,0.0006922555986938395,0.0003096916919400989,0.0007583381792173954,1.778108993496161e-05,1.950339645626813e-05,1.78668903079359e-05
3219.0,0.2281129186740992,0.0006896730681661981,0.0003096026308548465,0.0007585193998216263,1.777493231386697e-05,1.949972750930582e-05,1.787052328553652e-05
3220.0,0.2281572895645014,0.0007036140377507667,0.000309870276770005,0.0007587185252510552,1.777075190542712e-05,1.950012131208529e-05,1.787746846871008e-05
3221.0,0.2279642784216512,0.0007017752353091007,0.0003097264275490842,0.0007589112305580279,1.776941487353654e-05,1.950016554363378e-05,1.788599657870487e-05
3222.0,0.2281413465136235,0.0007126958530473484,0.0003101457485408002,0.0007590979029951663,1.776468047484583e-05,1.949962066187607e-05,1.789073960389624e-05
3223.0,0.2278823729428062,0.0007143474457574966,0.0003103201734677377,0.000759304906771419,1.776220591859082e-05,1.949783591649558e-05,1.78945338158214e-05
3224.0,0.2281343127672346,0.0007295199335271438,0.0003106442979311039,0.0007594818461284795,1.775837920765691e-05,1.949554570235189e-05,1.79029391475441e-05
3225.0,0.2282595002460402,0.0007224775558202169,0.0003103120156766997,0.0007596428535133086,1.775393393127846e-05,1.949641806983083e-05,1.790631984883779e-05
3226.0,0.2283491464217265,0.0007243696484611329,0.0003102168386557581,0.0007598439870427902,1.775449245533857e-05,1.949732206786411e-05,1.790925470159017e-05
3227.0,0.2282001968030756,0.0007103309913737745,0.0003098589845802522,0.0007599925002157515,1.775064075525046e-05,1.94930782223157e-05,1.791010368368955e-05
3228.0,0.2281156987563773,0.000709936199607947,0.000309646873473612,0.0007601044784506842,1.775024952216119e-05,1.949163799946083e-05,1.791212119416511e-05
3229.0,0.2281378584503467,0.0007118116691819826,0.0003095422058162875,0.000760194905555656,1.774971170991162e-05,1.948986616210901e-05,1.792106681787228e-05
3230.0,0.2279753711259554,0.0007049060716314338,0.0003093227437736536,0.0007602806777701701,1.774260407749632e-05,1.948866213967782e-05,1.792842484803244e-05
3231.0,0.2280036532750625,0.000717778024596496,0.0003096466118047931,0.0007603145966206227,1.774200332563631e-05,1.948866364115831e-05,1.793062337270601e-05
3232.0,0.2278847077096853,0.0007240797789356806,0.0003097994923364874,0.0007603473665890101,1.774187540917225e-05,1.948552208888262e-05,1.793230743309676e-05
3233.0,0.2276184652295359,0.0007217866845115534,0.0003097695587462655,0.0007603622459514029,1.774202685492957e-05,1.948127331229906e-05,1.793370539946152e-05
3234.0,0.2276605226642667,0.0007157541519019823,0.0003095872311738784,0.0007603593452329352,1.774256979702835e-05,1.947859993646516e-05,1.793487928023129e-05
3235.0,0.2279067210087648,0.0007008803024600385,0.000309287966065944,0.000760357179941133,1.774342111323988e-05,1.947792536536995e-05,1.793725532525439e-05
3236.0,0.2278775265347349,0.000710123990617505,0.00030947647640924,0.0007603560156597401,1.77462423435706e-05,1.947951529722234e-05,1.794436779713092e-05
3237.0,0.2276332388637889,0.0007029869251439872,0.0003092903279853146,0.0007603164741757032,1.774584620207013e-05,1.947695137311441e-05,1.794419805350863e-05
3238.0,0.2278334457177174,0.0007032342820226258,0.000309180879577046,0.0007602662044589369,1.774524387134553e-05,1.947397688504833e-05,1.794672330188132e-05
3239.0,0.2278864733160925,0.0007021061868051663,0.0003090790469859738,0.0007602267212171636,1.774768256894628e-05,1.947202312912733e-05,1.795152422862749e-05
3240.0,0.2278407091622609,0.0007054637015669381,0.0003090913388806582,0.0007601792777857623,1.775398617542168e-05,1.947204354386256e-05,1.795869552157016e-05
3241.0,0.2277403095010155,0.0007021966832748221,0.000309059617965651,0.0007601191110179424,1.775682294920867e-05,1.946990064551629e-05,1.79575599652381e-05
3242.0,0.2279553021157979,0.0006981849718004732,0.0003089126296557618,0.0007600229219409594,1.775635953664568e-05,1.946785819913951e-05,1.795928701349192e-05
3243.0,0.2280625549225559,0.0006898328796410742,0.0003087728972583956,0.0007599371642437085,1.776083619251099e-05,1.946710497356828e-05,1.796622085187193e-05
3244.0,0.2280496756937725,0.0006947179836723177,0.000308817817699174,0.000759802516711894,1.776385423870155e-05,1.946172405664746e-05,1.79707068695738e-05
3245.0,0.2284037779783018,0.0007060444886705809,0.0003089410295076229,0.0007596792006563578,1.777091505764736e-05,1.945994803275114e-05,1.797335730282467e-05
3246.0,0.2285285101921471,0.0007018252432762226,0.0003087372346177875,0.0007595589815185347,1.777377194635673e-05,1.945630228557157e-05,1.797029833276758e-05
3247.0,0.2284929577298565,0.0006967707802744326,0.0003085959876974057,0.0007594345827606887,1.777743612767347e-05,1.945276775777998e-05,1.797080099316985e-05
3248.0,0.2288454402374665,0.0006953576558538833,0.0003084891951692749,0.0007593066457028457,1.778192657181542e-05,1.94469641032893e-05,1.796967831714497e-05
3249.0,0.2288754317046815,0.000698341497076438,0.0003084432115270903,0.0007592023217776964,1.779022192416041e-05,1.944600057608107e-05,1.797183000872414e-05
3250.0,0.2289364744455214,0.00069571823722393,0.0003083545523789002,0.0007590387769857498,1.779394205697501e-05,1.944219517485059e-05,1.797484510385939e-05
