kind,path,filename,canonical_name,suffix,size_bytes,mtime_utc,matches_03a_stage3_name,branch_token,target_run_stamp,target_run_stamp_match,other_run_stamps_in_path,classification,do_not_use_as_server2_branch_history,search_root,relative_to_search_root,point_count,first_iteration,last_iteration,first_value,last_value,parse_error
case,/Users/shuheiyokkaichi/Library/CloudStorage/OneDrive-TheUniversityofAuckland/2026 Sem 2/700/Brine outlet geom/03A-stage3-build-preinit-20260818T015123Z.cas.h5,03A-stage3-build-preinit-20260818T015123Z.cas.h5,03A-stage3-build-preinit-20260818T015123Z,.cas.h5,28155754,2026-08-18T01:52:23+00:00,True,,20260820T013223Z,False,20260818T015123Z,found_local_but_unmapped_to_server2_fixed_queue,True,/Users/shuheiyokkaichi/Library/CloudStorage/OneDrive-TheUniversityofAuckland/2026 Sem 2/700,Brine outlet geom/03A-stage3-build-preinit-20260818T015123Z.cas.h5,,,,,,
case,/Users/shuheiyokkaichi/Library/CloudStorage/OneDrive-TheUniversityofAuckland/2026 Sem 2/700/Brine outlet geom/03A-stage3-P0-monitor-ready-preinit-candidate-20260818T020000Z.cas.h5,03A-stage3-P0-monitor-ready-preinit-candidate-20260818T020000Z.cas.h5,03A-stage3-P0-monitor-ready-preinit-candidate-20260818T020000Z,.cas.h5,28188958,2026-08-18T02:36:35+00:00,True,,20260820T013223Z,False,20260818T020000Z,found_local_but_unmapped_to_server2_fixed_queue,True,/Users/shuheiyokkaichi/Library/CloudStorage/OneDrive-TheUniversityofAuckland/2026 Sem 2/700,Brine outlet geom/03A-stage3-P0-monitor-ready-preinit-candidate-20260818T020000Z.cas.h5,,,,,,
case,/Users/shuheiyokkaichi/Library/CloudStorage/OneDrive-TheUniversityofAuckland/2026 Sem 2/700/Brine outlet geom/03A-stage3-P0-monitor-ready-preinit-corrected-entry-20260818T030545Z.cas.h5,03A-stage3-P0-monitor-ready-preinit-corrected-entry-20260818T030545Z.cas.h5,03A-stage3-P0-monitor-ready-preinit-corrected-entry-20260818T030545Z,.cas.h5,28189278,2026-08-18T03:05:48+00:00,True,,20260820T013223Z,False,20260818T030545Z,found_local_but_unmapped_to_server2_fixed_queue,True,/Users/shuheiyokkaichi/Library/CloudStorage/OneDrive-TheUniversityofAuckland/2026 Sem 2/700,Brine outlet geom/03A-stage3-P0-monitor-ready-preinit-corrected-entry-20260818T030545Z.cas.h5,,,,,,
case,/Users/shuheiyokkaichi/Library/CloudStorage/OneDrive-TheUniversityofAuckland/2026 Sem 2/700/Brine outlet geom/03A-stage3-P0-monitor-ready-preinit-previous-y0-20260818T020000Z/03A-stage3-P0-monitor-ready-preinit.cas.h5,03A-stage3-P0-monitor-ready-preinit.cas.h5,03A-stage3-P0-monitor-ready-preinit,.cas.h5,28188990,2026-08-18T02:43:56+00:00,True,,20260820T013223Z,False,20260818T020000Z,found_local_but_unmapped_to_server2_fixed_queue,True,/Users/shuheiyokkaichi/Library/CloudStorage/OneDrive-TheUniversityofAuckland/2026 Sem 2/700,Brine outlet geom/03A-stage3-P0-monitor-ready-preinit-previous-y0-20260818T020000Z/03A-stage3-P0-monitor-ready-preinit.cas.h5,,,,,,
case,/Users/shuheiyokkaichi/Library/CloudStorage/OneDrive-TheUniversityofAuckland/2026 Sem 2/700/Brine outlet geom/03A-stage3-P0-smoke-20260818T020000Z.cas.h5,03A-stage3-P0-smoke-20260818T020000Z.cas.h5,03A-stage3-P0-smoke-20260818T020000Z,.cas.h5,28218119,2026-08-18T02:42:16+00:00,True,,20260820T013223Z,False,20260818T020000Z,found_local_but_unmapped_to_server2_fixed_queue,True,/Users/shuheiyokkaichi/Library/CloudStorage/OneDrive-TheUniversityofAuckland/2026 Sem 2/700,Brine outlet geom/03A-stage3-P0-smoke-20260818T020000Z.cas.h5,,,,,,
data,/Users/shuheiyokkaichi/Library/CloudStorage/OneDrive-TheUniversityofAuckland/2026 Sem 2/700/Brine outlet geom/03A-stage3-P0-smoke-20260818T020000Z.dat.h5,03A-stage3-P0-smoke-20260818T020000Z.dat.h5,03A-stage3-P0-smoke-20260818T020000Z,.dat.h5,80657886,2026-08-18T02:42:21+00:00,True,,20260820T013223Z,False,20260818T020000Z,found_local_but_unmapped_to_server2_fixed_queue,True,/Users/shuheiyokkaichi/Library/CloudStorage/OneDrive-TheUniversityofAuckland/2026 Sem 2/700,Brine outlet geom/03A-stage3-P0-smoke-20260818T020000Z.dat.h5,,,,,,
case,/Users/shuheiyokkaichi/Library/CloudStorage/OneDrive-TheUniversityofAuckland/2026 Sem 2/700/Brine outlet geom/03A-stage3-P0-smoke-corrected-entry-20260818T031222Z.cas.h5,03A-stage3-P0-smoke-corrected-entry-20260818T031222Z.cas.h5,03A-stage3-P0-smoke-corrected-entry-20260818T031222Z,.cas.h5,28218527,2026-08-18T03:13:34+00:00,True,,20260820T013223Z,False,20260818T031222Z,found_local_but_unmapped_to_server2_fixed_queue,True,/Users/shuheiyokkaichi/Library/CloudStorage/OneDrive-TheUniversityofAuckland/2026 Sem 2/700,Brine outlet geom/03A-stage3-P0-smoke-corrected-entry-20260818T031222Z.cas.h5,,,,,,
data,/Users/shuheiyokkaichi/Library/CloudStorage/OneDrive-TheUniversityofAuckland/2026 Sem 2/700/Brine outlet geom/03A-stage3-P0-smoke-corrected-entry-20260818T031222Z.dat.h5,03A-stage3-P0-smoke-corrected-entry-20260818T031222Z.dat.h5,03A-stage3-P0-smoke-corrected-entry-20260818T031222Z,.dat.h5,80657934,2026-08-18T03:13:39+00:00,True,,20260820T013223Z,False,20260818T031222Z,found_local_but_unmapped_to_server2_fixed_queue,True,/Users/shuheiyokkaichi/Library/CloudStorage/OneDrive-TheUniversityofAuckland/2026 Sem 2/700,Brine outlet geom/03A-stage3-P0-smoke-corrected-entry-20260818T031222Z.dat.h5,,,,,,
report_file,/Users/shuheiyokkaichi/Library/CloudStorage/OneDrive-TheUniversityofAuckland/2026 Sem 2/700/Brine outlet geom/03a_stage3_brine_entry_static_pressure-rfile.out,03a_stage3_brine_entry_static_pressure-rfile.out,03a_stage3_brine_entry_static_pressure-rfile,.out,667,2026-08-18T02:42:13+00:00,True,,20260820T013223Z,False,,found_local_but_unmapped_to_server2_fixed_queue,True,/Users/shuheiyokkaichi/Library/CloudStorage/OneDrive-TheUniversityofAuckland/2026 Sem 2/700,Brine outlet geom/03a_stage3_brine_entry_static_pressure-rfile.out,25,1,25,1121903.894150344,1122598.458518473,
report_file,/Users/shuheiyokkaichi/Library/CloudStorage/OneDrive-TheUniversityofAuckland/2026 Sem 2/700/Brine outlet geom/03a_stage3_brine_entry_static_pressure-rfile_1_1.out,03a_stage3_brine_entry_static_pressure-rfile_1_1.out,03a_stage3_brine_entry_static_pressure-rfile,.out,670,2026-08-18T03:13:31+00:00,True,,20260820T013223Z,False,,found_local_but_unmapped_to_server2_fixed_queue,True,/Users/shuheiyokkaichi/Library/CloudStorage/OneDrive-TheUniversityofAuckland/2026 Sem 2/700,Brine outlet geom/03a_stage3_brine_entry_static_pressure-rfile_1_1.out,25,1,25,1121491.326216824,1120715.027116237,
report_file,/Users/shuheiyokkaichi/Library/CloudStorage/OneDrive-TheUniversityofAuckland/2026 Sem 2/700/Brine outlet geom/03a_stage3_brine_entry_static_pressure-rfile_2_1.out,03a_stage3_brine_entry_static_pressure-rfile_2_1.out,03a_stage3_brine_entry_static_pressure-rfile,.out,670,2026-08-18T05:19:04+00:00,True,,20260820T013223Z,False,,found_local_but_unmapped_to_server2_fixed_queue,True,/Users/shuheiyokkaichi/Library/CloudStorage/OneDrive-TheUniversityofAuckland/2026 Sem 2/700,Brine outlet geom/03a_stage3_brine_entry_static_pressure-rfile_2_1.out,25,1,25,1121491.326216824,1120715.027116237,
report_file,/Users/shuheiyokkaichi/Library/CloudStorage/OneDrive-TheUniversityofAuckland/2026 Sem 2/700/Brine outlet geom/03a_stage3_brine_entry_total_pressure-rfile.out,03a_stage3_brine_entry_total_pressure-rfile.out,03a_stage3_brine_entry_total_pressure-rfile,.out,667,2026-08-18T02:42:13+00:00,True,,20260820T013223Z,False,,found_local_but_unmapped_to_server2_fixed_queue,True,/Users/shuheiyokkaichi/Library/CloudStorage/OneDrive-TheUniversityofAuckland/2026 Sem 2/700,Brine outlet geom/03a_stage3_brine_entry_total_pressure-rfile.out,25,1,25,1121911.461537504,1122637.867116472,
report_file,/Users/shuheiyokkaichi/Library/CloudStorage/OneDrive-TheUniversityofAuckland/2026 Sem 2/700/Brine outlet geom/03a_stage3_brine_entry_total_pressure-rfile_1_1.out,03a_stage3_brine_entry_total_pressure-rfile_1_1.out,03a_stage3_brine_entry_total_pressure-rfile,.out,668,2026-08-18T03:13:31+00:00,True,,20260820T013223Z,False,,found_local_but_unmapped_to_server2_fixed_queue,True,/Users/shuheiyokkaichi/Library/CloudStorage/OneDrive-TheUniversityofAuckland/2026 Sem 2/700,Brine outlet geom/03a_stage3_brine_entry_total_pressure-rfile_1_1.out,25,1,25,1121840.898268137,1121783.949833838,
report_file,/Users/shuheiyokkaichi/Library/CloudStorage/OneDrive-TheUniversityofAuckland/2026 Sem 2/700/Brine outlet geom/03a_stage3_brine_entry_total_pressure-rfile_2_1.out,03a_stage3_brine_entry_total_pressure-rfile_2_1.out,03a_stage3_brine_entry_total_pressure-rfile,.out,668,2026-08-18T05:19:04+00:00,True,,20260820T013223Z,False,,found_local_but_unmapped_to_server2_fixed_queue,True,/Users/shuheiyokkaichi/Library/CloudStorage/OneDrive-TheUniversityofAuckland/2026 Sem 2/700,Brine outlet geom/03a_stage3_brine_entry_total_pressure-rfile_2_1.out,25,1,25,1121840.898268137,1121783.949833838,
report_file,/Users/shuheiyokkaichi/Library/CloudStorage/OneDrive-TheUniversityofAuckland/2026 Sem 2/700/Brine outlet geom/03a_stage3_brine_outlet_total-rfile.out,03a_stage3_brine_outlet_total-rfile.out,03a_stage3_brine_outlet_total-rfile,.out,668,2026-08-18T02:42:13+00:00,True,,20260820T013223Z,False,,found_local_but_unmapped_to_server2_fixed_queue,True,/Users/shuheiyokkaichi/Library/CloudStorage/OneDrive-TheUniversityofAuckland/2026 Sem 2/700,Brine outlet geom/03a_stage3_brine_outlet_total-rfile.out,25,1,25,-15.45624072026899,-24.78783709273334,
report_file,/Users/shuheiyokkaichi/Library/CloudStorage/OneDrive-TheUniversityofAuckland/2026 Sem 2/700/Brine outlet geom/03a_stage3_brine_outlet_total-rfile_1_1.out,03a_stage3_brine_outlet_total-rfile_1_1.out,03a_stage3_brine_outlet_total-rfile,.out,668,2026-08-18T03:13:31+00:00,True,,20260820T013223Z,False,,found_local_but_unmapped_to_server2_fixed_queue,True,/Users/shuheiyokkaichi/Library/CloudStorage/OneDrive-TheUniversityofAuckland/2026 Sem 2/700,Brine outlet geom/03a_stage3_brine_outlet_total-rfile_1_1.out,25,1,25,-15.45624072026899,-24.78783709273334,
report_file,/Users/shuheiyokkaichi/Library/CloudStorage/OneDrive-TheUniversityofAuckland/2026 Sem 2/700/Brine outlet geom/03a_stage3_brine_outlet_total-rfile_2_1.out,03a_stage3_brine_outlet_total-rfile_2_1.out,03a_stage3_brine_outlet_total-rfile,.out,668,2026-08-18T05:19:04+00:00,True,,20260820T013223Z,False,,found_local_but_unmapped_to_server2_fixed_queue,True,/Users/shuheiyokkaichi/Library/CloudStorage/OneDrive-TheUniversityofAuckland/2026 Sem 2/700,Brine outlet geom/03a_stage3_brine_outlet_total-rfile_2_1.out,25,1,25,-15.45624072026899,-24.78783709273334,
report_file,/Users/shuheiyokkaichi/Library/CloudStorage/OneDrive-TheUniversityofAuckland/2026 Sem 2/700/Brine outlet geom/03a_stage3_flux_mixture_brine_outlet-rfile.out,03a_stage3_flux_mixture_brine_outlet-rfile.out,03a_stage3_flux_mixture_brine_outlet-rfile,.out,689,2026-08-18T02:42:13+00:00,True,,20260820T013223Z,False,,found_local_but_unmapped_to_server2_fixed_queue,True,/Users/shuheiyokkaichi/Library/CloudStorage/OneDrive-TheUniversityofAuckland/2026 Sem 2/700,Brine outlet geom/03a_stage3_flux_mixture_brine_outlet-rfile.out,25,1,25,-15.45624072026899,-24.78783709273334,
report_file,/Users/shuheiyokkaichi/Library/CloudStorage/OneDrive-TheUniversityofAuckland/2026 Sem 2/700/Brine outlet geom/03a_stage3_flux_mixture_brine_outlet-rfile_1_1.out,03a_stage3_flux_mixture_brine_outlet-rfile_1_1.out,03a_stage3_flux_mixture_brine_outlet-rfile,.out,689,2026-08-18T03:13:31+00:00,True,,20260820T013223Z,False,,found_local_but_unmapped_to_server2_fixed_queue,True,/Users/shuheiyokkaichi/Library/CloudStorage/OneDrive-TheUniversityofAuckland/2026 Sem 2/700,Brine outlet geom/03a_stage3_flux_mixture_brine_outlet-rfile_1_1.out,25,1,25,-15.45624072026899,-24.78783709273334,
report_file,/Users/shuheiyokkaichi/Library/CloudStorage/OneDrive-TheUniversityofAuckland/2026 Sem 2/700/Brine outlet geom/03a_stage3_flux_mixture_brine_outlet-rfile_2_1.out,03a_stage3_flux_mixture_brine_outlet-rfile_2_1.out,03a_stage3_flux_mixture_brine_outlet-rfile,.out,689,2026-08-18T05:19:04+00:00,True,,20260820T013223Z,False,,found_local_but_unmapped_to_server2_fixed_queue,True,/Users/shuheiyokkaichi/Library/CloudStorage/OneDrive-TheUniversityofAuckland/2026 Sem 2/700,Brine outlet geom/03a_stage3_flux_mixture_brine_outlet-rfile_2_1.out,25,1,25,-15.45624072026899,-24.78783709273334,
report_file,/Users/shuheiyokkaichi/Library/CloudStorage/OneDrive-TheUniversityofAuckland/2026 Sem 2/700/Brine outlet geom/03a_stage3_flux_mixture_liquid_inlet-rfile.out,03a_stage3_flux_mixture_liquid_inlet-rfile.out,03a_stage3_flux_mixture_liquid_inlet-rfile,.out,665,2026-08-18T02:42:13+00:00,True,,20260820T013223Z,False,,found_local_but_unmapped_to_server2_fixed_queue,True,/Users/shuheiyokkaichi/Library/CloudStorage/OneDrive-TheUniversityofAuckland/2026 Sem 2/700,Brine outlet geom/03a_stage3_flux_mixture_liquid_inlet-rfile.out,25,1,25,116.8467769223464,116.8467769223464,
report_file,/Users/shuheiyokkaichi/Library/CloudStorage/OneDrive-TheUniversityofAuckland/2026 Sem 2/700/Brine outlet geom/03a_stage3_flux_mixture_liquid_inlet-rfile_1_1.out,03a_stage3_flux_mixture_liquid_inlet-rfile_1_1.out,03a_stage3_flux_mixture_liquid_inlet-rfile,.out,665,2026-08-18T03:13:31+00:00,True,,20260820T013223Z,False,,found_local_but_unmapped_to_server2_fixed_queue,True,/Users/shuheiyokkaichi/Library/CloudStorage/OneDrive-TheUniversityofAuckland/2026 Sem 2/700,Brine outlet geom/03a_stage3_flux_mixture_liquid_inlet-rfile_1_1.out,25,1,25,116.8467769223464,116.8467769223464,
report_file,/Users/shuheiyokkaichi/Library/CloudStorage/OneDrive-TheUniversityofAuckland/2026 Sem 2/700/Brine outlet geom/03a_stage3_flux_mixture_liquid_inlet-rfile_2_1.out,03a_stage3_flux_mixture_liquid_inlet-rfile_2_1.out,03a_stage3_flux_mixture_liquid_inlet-rfile,.out,665,2026-08-18T05:19:04+00:00,True,,20260820T013223Z,False,,found_local_but_unmapped_to_server2_fixed_queue,True,/Users/shuheiyokkaichi/Library/CloudStorage/OneDrive-TheUniversityofAuckland/2026 Sem 2/700,Brine outlet geom/03a_stage3_flux_mixture_liquid_inlet-rfile_2_1.out,25,1,25,116.8467769223464,116.8467769223464,
report_file,/Users/shuheiyokkaichi/Library/CloudStorage/OneDrive-TheUniversityofAuckland/2026 Sem 2/700/Brine outlet geom/03a_stage3_flux_mixture_steam_inlet-rfile.out,03a_stage3_flux_mixture_steam_inlet-rfile.out,03a_stage3_flux_mixture_steam_inlet-rfile,.out,662,2026-08-18T02:42:13+00:00,True,,20260820T013223Z,False,,found_local_but_unmapped_to_server2_fixed_queue,True,/Users/shuheiyokkaichi/Library/CloudStorage/OneDrive-TheUniversityofAuckland/2026 Sem 2/700,Brine outlet geom/03a_stage3_flux_mixture_steam_inlet-rfile.out,25,1,25,81.63950514439396,81.63950514439396,
report_file,/Users/shuheiyokkaichi/Library/CloudStorage/OneDrive-TheUniversityofAuckland/2026 Sem 2/700/Brine outlet geom/03a_stage3_flux_mixture_steam_inlet-rfile_1_1.out,03a_stage3_flux_mixture_steam_inlet-rfile_1_1.out,03a_stage3_flux_mixture_steam_inlet-rfile,.out,662,2026-08-18T03:13:31+00:00,True,,20260820T013223Z,False,,found_local_but_unmapped_to_server2_fixed_queue,True,/Users/shuheiyokkaichi/Library/CloudStorage/OneDrive-TheUniversityofAuckland/2026 Sem 2/700,Brine outlet geom/03a_stage3_flux_mixture_steam_inlet-rfile_1_1.out,25,1,25,81.63950514439396,81.63950514439396,
report_file,/Users/shuheiyokkaichi/Library/CloudStorage/OneDrive-TheUniversityofAuckland/2026 Sem 2/700/Brine outlet geom/03a_stage3_flux_mixture_steam_inlet-rfile_2_1.out,03a_stage3_flux_mixture_steam_inlet-rfile_2_1.out,03a_stage3_flux_mixture_steam_inlet-rfile,.out,662,2026-08-18T05:19:04+00:00,True,,20260820T013223Z,False,,found_local_but_unmapped_to_server2_fixed_queue,True,/Users/shuheiyokkaichi/Library/CloudStorage/OneDrive-TheUniversityofAuckland/2026 Sem 2/700,Brine outlet geom/03a_stage3_flux_mixture_steam_inlet-rfile_2_1.out,25,1,25,81.63950514439396,81.63950514439396,
report_file,/Users/shuheiyokkaichi/Library/CloudStorage/OneDrive-TheUniversityofAuckland/2026 Sem 2/700/Brine outlet geom/03a_stage3_flux_mixture_steam_outlet-rfile.out,03a_stage3_flux_mixture_steam_outlet-rfile.out,03a_stage3_flux_mixture_steam_outlet-rfile,.out,690,2026-08-18T02:42:13+00:00,True,,20260820T013223Z,False,,found_local_but_unmapped_to_server2_fixed_queue,True,/Users/shuheiyokkaichi/Library/CloudStorage/OneDrive-TheUniversityofAuckland/2026 Sem 2/700,Brine outlet geom/03a_stage3_flux_mixture_steam_outlet-rfile.out,25,1,25,-65.47691689381415,-57.61814886598747,
report_file,/Users/shuheiyokkaichi/Library/CloudStorage/OneDrive-TheUniversityofAuckland/2026 Sem 2/700/Brine outlet geom/03a_stage3_flux_mixture_steam_outlet-rfile_1_1.out,03a_stage3_flux_mixture_steam_outlet-rfile_1_1.out,03a_stage3_flux_mixture_steam_outlet-rfile,.out,690,2026-08-18T03:13:31+00:00,True,,20260820T013223Z,False,,found_local_but_unmapped_to_server2_fixed_queue,True,/Users/shuheiyokkaichi/Library/CloudStorage/OneDrive-TheUniversityofAuckland/2026 Sem 2/700,Brine outlet geom/03a_stage3_flux_mixture_steam_outlet-rfile_1_1.out,25,1,25,-65.47691689381415,-57.61814886598747,
report_file,/Users/shuheiyokkaichi/Library/CloudStorage/OneDrive-TheUniversityofAuckland/2026 Sem 2/700/Brine outlet geom/03a_stage3_flux_mixture_steam_outlet-rfile_2_1.out,03a_stage3_flux_mixture_steam_outlet-rfile_2_1.out,03a_stage3_flux_mixture_steam_outlet-rfile,.out,690,2026-08-18T05:19:04+00:00,True,,20260820T013223Z,False,,found_local_but_unmapped_to_server2_fixed_queue,True,/Users/shuheiyokkaichi/Library/CloudStorage/OneDrive-TheUniversityofAuckland/2026 Sem 2/700,Brine outlet geom/03a_stage3_flux_mixture_steam_outlet-rfile_2_1.out,25,1,25,-65.47691689381415,-57.61814886598747,
report_file,/Users/shuheiyokkaichi/Library/CloudStorage/OneDrive-TheUniversityofAuckland/2026 Sem 2/700/Brine outlet geom/03a_stage3_flux_phase1_brine_outlet-rfile.out,03a_stage3_flux_phase1_brine_outlet-rfile.out,03a_stage3_flux_phase1_brine_outlet-rfile,.out,686,2026-08-18T02:42:13+00:00,True,,20260820T013223Z,False,,found_local_but_unmapped_to_server2_fixed_queue,True,/Users/shuheiyokkaichi/Library/CloudStorage/OneDrive-TheUniversityofAuckland/2026 Sem 2/700,Brine outlet geom/03a_stage3_flux_phase1_brine_outlet-rfile.out,25,1,25,-15.45624072026899,-24.78783709273334,
report_file,/Users/shuheiyokkaichi/Library/CloudStorage/OneDrive-TheUniversityofAuckland/2026 Sem 2/700/Brine outlet geom/03a_stage3_flux_phase1_brine_outlet-rfile_1_1.out,03a_stage3_flux_phase1_brine_outlet-rfile_1_1.out,03a_stage3_flux_phase1_brine_outlet-rfile,.out,686,2026-08-18T03:13:31+00:00,True,,20260820T013223Z,False,,found_local_but_unmapped_to_server2_fixed_queue,True,/Users/shuheiyokkaichi/Library/CloudStorage/OneDrive-TheUniversityofAuckland/2026 Sem 2/700,Brine outlet geom/03a_stage3_flux_phase1_brine_outlet-rfile_1_1.out,25,1,25,-15.45624072026899,-24.78783709273334,
report_file,/Users/shuheiyokkaichi/Library/CloudStorage/OneDrive-TheUniversityofAuckland/2026 Sem 2/700/Brine outlet geom/03a_stage3_flux_phase1_brine_outlet-rfile_2_1.out,03a_stage3_flux_phase1_brine_outlet-rfile_2_1.out,03a_stage3_flux_phase1_brine_outlet-rfile,.out,686,2026-08-18T05:19:04+00:00,True,,20260820T013223Z,False,,found_local_but_unmapped_to_server2_fixed_queue,True,/Users/shuheiyokkaichi/Library/CloudStorage/OneDrive-TheUniversityofAuckland/2026 Sem 2/700,Brine outlet geom/03a_stage3_flux_phase1_brine_outlet-rfile_2_1.out,25,1,25,-15.45624072026899,-24.78783709273334,
report_file,/Users/shuheiyokkaichi/Library/CloudStorage/OneDrive-TheUniversityofAuckland/2026 Sem 2/700/Brine outlet geom/03a_stage3_flux_phase1_liquid_inlet-rfile.out,03a_stage3_flux_phase1_liquid_inlet-rfile.out,03a_stage3_flux_phase1_liquid_inlet-rfile,.out,262,2026-08-18T02:42:13+00:00,True,,20260820T013223Z,False,,found_local_but_unmapped_to_server2_fixed_queue,True,/Users/shuheiyokkaichi/Library/CloudStorage/OneDrive-TheUniversityofAuckland/2026 Sem 2/700,Brine outlet geom/03a_stage3_flux_phase1_liquid_inlet-rfile.out,25,1,25,0.0,0.0,
report_file,/Users/shuheiyokkaichi/Library/CloudStorage/OneDrive-TheUniversityofAuckland/2026 Sem 2/700/Brine outlet geom/03a_stage3_flux_phase1_liquid_inlet-rfile_1_1.out,03a_stage3_flux_phase1_liquid_inlet-rfile_1_1.out,03a_stage3_flux_phase1_liquid_inlet-rfile,.out,262,2026-08-18T03:13:31+00:00,True,,20260820T013223Z,False,,found_local_but_unmapped_to_server2_fixed_queue,True,/Users/shuheiyokkaichi/Library/CloudStorage/OneDrive-TheUniversityofAuckland/2026 Sem 2/700,Brine outlet geom/03a_stage3_flux_phase1_liquid_inlet-rfile_1_1.out,25,1,25,0.0,0.0,
report_file,/Users/shuheiyokkaichi/Library/CloudStorage/OneDrive-TheUniversityofAuckland/2026 Sem 2/700/Brine outlet geom/03a_stage3_flux_phase1_liquid_inlet-rfile_2_1.out,03a_stage3_flux_phase1_liquid_inlet-rfile_2_1.out,03a_stage3_flux_phase1_liquid_inlet-rfile,.out,262,2026-08-18T05:19:04+00:00,True,,20260820T013223Z,False,,found_local_but_unmapped_to_server2_fixed_queue,True,/Users/shuheiyokkaichi/Library/CloudStorage/OneDrive-TheUniversityofAuckland/2026 Sem 2/700,Brine outlet geom/03a_stage3_flux_phase1_liquid_inlet-rfile_2_1.out,25,1,25,0.0,0.0,
report_file,/Users/shuheiyokkaichi/Library/CloudStorage/OneDrive-TheUniversityofAuckland/2026 Sem 2/700/Brine outlet geom/03a_stage3_flux_phase1_steam_inlet-rfile.out,03a_stage3_flux_phase1_steam_inlet-rfile.out,03a_stage3_flux_phase1_steam_inlet-rfile,.out,659,2026-08-18T02:42:13+00:00,True,,20260820T013223Z,False,,found_local_but_unmapped_to_server2_fixed_queue,True,/Users/shuheiyokkaichi/Library/CloudStorage/OneDrive-TheUniversityofAuckland/2026 Sem 2/700,Brine outlet geom/03a_stage3_flux_phase1_steam_inlet-rfile.out,25,1,25,81.63950514439395,81.63950514439395,
report_file,/Users/shuheiyokkaichi/Library/CloudStorage/OneDrive-TheUniversityofAuckland/2026 Sem 2/700/Brine outlet geom/03a_stage3_flux_phase1_steam_inlet-rfile_1_1.out,03a_stage3_flux_phase1_steam_inlet-rfile_1_1.out,03a_stage3_flux_phase1_steam_inlet-rfile,.out,659,2026-08-18T03:13:31+00:00,True,,20260820T013223Z,False,,found_local_but_unmapped_to_server2_fixed_queue,True,/Users/shuheiyokkaichi/Library/CloudStorage/OneDrive-TheUniversityofAuckland/2026 Sem 2/700,Brine outlet geom/03a_stage3_flux_phase1_steam_inlet-rfile_1_1.out,25,1,25,81.63950514439395,81.63950514439395,
report_file,/Users/shuheiyokkaichi/Library/CloudStorage/OneDrive-TheUniversityofAuckland/2026 Sem 2/700/Brine outlet geom/03a_stage3_flux_phase1_steam_inlet-rfile_2_1.out,03a_stage3_flux_phase1_steam_inlet-rfile_2_1.out,03a_stage3_flux_phase1_steam_inlet-rfile,.out,659,2026-08-18T05:19:04+00:00,True,,20260820T013223Z,False,,found_local_but_unmapped_to_server2_fixed_queue,True,/Users/shuheiyokkaichi/Library/CloudStorage/OneDrive-TheUniversityofAuckland/2026 Sem 2/700,Brine outlet geom/03a_stage3_flux_phase1_steam_inlet-rfile_2_1.out,25,1,25,81.63950514439395,81.63950514439395,
report_file,/Users/shuheiyokkaichi/Library/CloudStorage/OneDrive-TheUniversityofAuckland/2026 Sem 2/700/Brine outlet geom/03a_stage3_flux_phase1_steam_outlet-rfile.out,03a_stage3_flux_phase1_steam_outlet-rfile.out,03a_stage3_flux_phase1_steam_outlet-rfile,.out,687,2026-08-18T02:42:13+00:00,True,,20260820T013223Z,False,,found_local_but_unmapped_to_server2_fixed_queue,True,/Users/shuheiyokkaichi/Library/CloudStorage/OneDrive-TheUniversityofAuckland/2026 Sem 2/700,Brine outlet geom/03a_stage3_flux_phase1_steam_outlet-rfile.out,25,1,25,-65.47691689381415,-57.61814886598747,
report_file,/Users/shuheiyokkaichi/Library/CloudStorage/OneDrive-TheUniversityofAuckland/2026 Sem 2/700/Brine outlet geom/03a_stage3_flux_phase1_steam_outlet-rfile_1_1.out,03a_stage3_flux_phase1_steam_outlet-rfile_1_1.out,03a_stage3_flux_phase1_steam_outlet-rfile,.out,687,2026-08-18T03:13:31+00:00,True,,20260820T013223Z,False,,found_local_but_unmapped_to_server2_fixed_queue,True,/Users/shuheiyokkaichi/Library/CloudStorage/OneDrive-TheUniversityofAuckland/2026 Sem 2/700,Brine outlet geom/03a_stage3_flux_phase1_steam_outlet-rfile_1_1.out,25,1,25,-65.47691689381415,-57.61814886598747,
report_file,/Users/shuheiyokkaichi/Library/CloudStorage/OneDrive-TheUniversityofAuckland/2026 Sem 2/700/Brine outlet geom/03a_stage3_flux_phase1_steam_outlet-rfile_2_1.out,03a_stage3_flux_phase1_steam_outlet-rfile_2_1.out,03a_stage3_flux_phase1_steam_outlet-rfile,.out,687,2026-08-18T05:19:04+00:00,True,,20260820T013223Z,False,,found_local_but_unmapped_to_server2_fixed_queue,True,/Users/shuheiyokkaichi/Library/CloudStorage/OneDrive-TheUniversityofAuckland/2026 Sem 2/700,Brine outlet geom/03a_stage3_flux_phase1_steam_outlet-rfile_2_1.out,25,1,25,-65.47691689381415,-57.61814886598747,
report_file,/Users/shuheiyokkaichi/Library/CloudStorage/OneDrive-TheUniversityofAuckland/2026 Sem 2/700/Brine outlet geom/03a_stage3_flux_phase2_brine_outlet-rfile.out,03a_stage3_flux_phase2_brine_outlet-rfile.out,03a_stage3_flux_phase2_brine_outlet-rfile,.out,658,2026-08-18T02:42:13+00:00,True,,20260820T013223Z,False,,found_local_but_unmapped_to_server2_fixed_queue,True,/Users/shuheiyokkaichi/Library/CloudStorage/OneDrive-TheUniversityofAuckland/2026 Sem 2/700,Brine outlet geom/03a_stage3_flux_phase2_brine_outlet-rfile.out,25,1,25,-1.633557926340224e-59,-7.776484365802722e-35,
report_file,/Users/shuheiyokkaichi/Library/CloudStorage/OneDrive-TheUniversityofAuckland/2026 Sem 2/700/Brine outlet geom/03a_stage3_flux_phase2_brine_outlet-rfile_1_1.out,03a_stage3_flux_phase2_brine_outlet-rfile_1_1.out,03a_stage3_flux_phase2_brine_outlet-rfile,.out,658,2026-08-18T03:13:31+00:00,True,,20260820T013223Z,False,,found_local_but_unmapped_to_server2_fixed_queue,True,/Users/shuheiyokkaichi/Library/CloudStorage/OneDrive-TheUniversityofAuckland/2026 Sem 2/700,Brine outlet geom/03a_stage3_flux_phase2_brine_outlet-rfile_1_1.out,25,1,25,-1.633557926340224e-59,-7.776484365802722e-35,
report_file,/Users/shuheiyokkaichi/Library/CloudStorage/OneDrive-TheUniversityofAuckland/2026 Sem 2/700/Brine outlet geom/03a_stage3_flux_phase2_brine_outlet-rfile_2_1.out,03a_stage3_flux_phase2_brine_outlet-rfile_2_1.out,03a_stage3_flux_phase2_brine_outlet-rfile,.out,658,2026-08-18T05:19:04+00:00,True,,20260820T013223Z,False,,found_local_but_unmapped_to_server2_fixed_queue,True,/Users/shuheiyokkaichi/Library/CloudStorage/OneDrive-TheUniversityofAuckland/2026 Sem 2/700,Brine outlet geom/03a_stage3_flux_phase2_brine_outlet-rfile_2_1.out,25,1,25,-1.633557926340224e-59,-7.776484365802722e-35,
report_file,/Users/shuheiyokkaichi/Library/CloudStorage/OneDrive-TheUniversityofAuckland/2026 Sem 2/700/Brine outlet geom/03a_stage3_flux_phase2_liquid_inlet-rfile.out,03a_stage3_flux_phase2_liquid_inlet-rfile.out,03a_stage3_flux_phase2_liquid_inlet-rfile,.out,662,2026-08-18T02:42:13+00:00,True,,20260820T013223Z,False,,found_local_but_unmapped_to_server2_fixed_queue,True,/Users/shuheiyokkaichi/Library/CloudStorage/OneDrive-TheUniversityofAuckland/2026 Sem 2/700,Brine outlet geom/03a_stage3_flux_phase2_liquid_inlet-rfile.out,25,1,25,116.8467769223464,116.8467769223464,
report_file,/Users/shuheiyokkaichi/Library/CloudStorage/OneDrive-TheUniversityofAuckland/2026 Sem 2/700/Brine outlet geom/03a_stage3_flux_phase2_liquid_inlet-rfile_1_1.out,03a_stage3_flux_phase2_liquid_inlet-rfile_1_1.out,03a_stage3_flux_phase2_liquid_inlet-rfile,.out,662,2026-08-18T03:13:31+00:00,True,,20260820T013223Z,False,,found_local_but_unmapped_to_server2_fixed_queue,True,/Users/shuheiyokkaichi/Library/CloudStorage/OneDrive-TheUniversityofAuckland/2026 Sem 2/700,Brine outlet geom/03a_stage3_flux_phase2_liquid_inlet-rfile_1_1.out,25,1,25,116.8467769223464,116.8467769223464,
report_file,/Users/shuheiyokkaichi/Library/CloudStorage/OneDrive-TheUniversityofAuckland/2026 Sem 2/700/Brine outlet geom/03a_stage3_flux_phase2_liquid_inlet-rfile_2_1.out,03a_stage3_flux_phase2_liquid_inlet-rfile_2_1.out,03a_stage3_flux_phase2_liquid_inlet-rfile,.out,662,2026-08-18T05:19:04+00:00,True,,20260820T013223Z,False,,found_local_but_unmapped_to_server2_fixed_queue,True,/Users/shuheiyokkaichi/Library/CloudStorage/OneDrive-TheUniversityofAuckland/2026 Sem 2/700,Brine outlet geom/03a_stage3_flux_phase2_liquid_inlet-rfile_2_1.out,25,1,25,116.8467769223464,116.8467769223464,
report_file,/Users/shuheiyokkaichi/Library/CloudStorage/OneDrive-TheUniversityofAuckland/2026 Sem 2/700/Brine outlet geom/03a_stage3_flux_phase2_steam_inlet-rfile.out,03a_stage3_flux_phase2_steam_inlet-rfile.out,03a_stage3_flux_phase2_steam_inlet-rfile,.out,259,2026-08-18T02:42:13+00:00,True,,20260820T013223Z,False,,found_local_but_unmapped_to_server2_fixed_queue,True,/Users/shuheiyokkaichi/Library/CloudStorage/OneDrive-TheUniversityofAuckland/2026 Sem 2/700,Brine outlet geom/03a_stage3_flux_phase2_steam_inlet-rfile.out,25,1,25,0.0,0.0,
report_file,/Users/shuheiyokkaichi/Library/CloudStorage/OneDrive-TheUniversityofAuckland/2026 Sem 2/700/Brine outlet geom/03a_stage3_flux_phase2_steam_inlet-rfile_1_1.out,03a_stage3_flux_phase2_steam_inlet-rfile_1_1.out,03a_stage3_flux_phase2_steam_inlet-rfile,.out,259,2026-08-18T03:13:31+00:00,True,,20260820T013223Z,False,,found_local_but_unmapped_to_server2_fixed_queue,True,/Users/shuheiyokkaichi/Library/CloudStorage/OneDrive-TheUniversityofAuckland/2026 Sem 2/700,Brine outlet geom/03a_stage3_flux_phase2_steam_inlet-rfile_1_1.out,25,1,25,0.0,0.0,
report_file,/Users/shuheiyokkaichi/Library/CloudStorage/OneDrive-TheUniversityofAuckland/2026 Sem 2/700/Brine outlet geom/03a_stage3_flux_phase2_steam_inlet-rfile_2_1.out,03a_stage3_flux_phase2_steam_inlet-rfile_2_1.out,03a_stage3_flux_phase2_steam_inlet-rfile,.out,259,2026-08-18T05:19:04+00:00,True,,20260820T013223Z,False,,found_local_but_unmapped_to_server2_fixed_queue,True,/Users/shuheiyokkaichi/Library/CloudStorage/OneDrive-TheUniversityofAuckland/2026 Sem 2/700,Brine outlet geom/03a_stage3_flux_phase2_steam_inlet-rfile_2_1.out,25,1,25,0.0,0.0,
report_file,/Users/shuheiyokkaichi/Library/CloudStorage/OneDrive-TheUniversityofAuckland/2026 Sem 2/700/Brine outlet geom/03a_stage3_flux_phase2_steam_outlet-rfile.out,03a_stage3_flux_phase2_steam_outlet-rfile.out,03a_stage3_flux_phase2_steam_outlet-rfile,.out,743,2026-08-18T02:42:13+00:00,True,,20260820T013223Z,False,,found_local_but_unmapped_to_server2_fixed_queue,True,/Users/shuheiyokkaichi/Library/CloudStorage/OneDrive-TheUniversityofAuckland/2026 Sem 2/700,Brine outlet geom/03a_stage3_flux_phase2_steam_outlet-rfile.out,25,1,25,0.0,-9.256839195810026e-55,
report_file,/Users/shuheiyokkaichi/Library/CloudStorage/OneDrive-TheUniversityofAuckland/2026 Sem 2/700/Brine outlet geom/03a_stage3_flux_phase2_steam_outlet-rfile_1_1.out,03a_stage3_flux_phase2_steam_outlet-rfile_1_1.out,03a_stage3_flux_phase2_steam_outlet-rfile,.out,743,2026-08-18T03:13:31+00:00,True,,20260820T013223Z,False,,found_local_but_unmapped_to_server2_fixed_queue,True,/Users/shuheiyokkaichi/Library/CloudStorage/OneDrive-TheUniversityofAuckland/2026 Sem 2/700,Brine outlet geom/03a_stage3_flux_phase2_steam_outlet-rfile_1_1.out,25,1,25,0.0,-9.256839195810026e-55,
report_file,/Users/shuheiyokkaichi/Library/CloudStorage/OneDrive-TheUniversityofAuckland/2026 Sem 2/700/Brine outlet geom/03a_stage3_flux_phase2_steam_outlet-rfile_2_1.out,03a_stage3_flux_phase2_steam_outlet-rfile_2_1.out,03a_stage3_flux_phase2_steam_outlet-rfile,.out,743,2026-08-18T05:19:04+00:00,True,,20260820T013223Z,False,,found_local_but_unmapped_to_server2_fixed_queue,True,/Users/shuheiyokkaichi/Library/CloudStorage/OneDrive-TheUniversityofAuckland/2026 Sem 2/700,Brine outlet geom/03a_stage3_flux_phase2_steam_outlet-rfile_2_1.out,25,1,25,0.0,-9.256839195810026e-55,
report_file,/Users/shuheiyokkaichi/Library/CloudStorage/OneDrive-TheUniversityofAuckland/2026 Sem 2/700/Brine outlet geom/03a_stage3_full_domain_mass_imbalance-rfile.out,03a_stage3_full_domain_mass_imbalance-rfile.out,03a_stage3_full_domain_mass_imbalance-rfile,.out,665,2026-08-18T02:42:13+00:00,True,,20260820T013223Z,False,,found_local_but_unmapped_to_server2_fixed_queue,True,/Users/shuheiyokkaichi/Library/CloudStorage/OneDrive-TheUniversityofAuckland/2026 Sem 2/700,Brine outlet geom/03a_stage3_full_domain_mass_imbalance-rfile.out,25,1,25,117.5531244526572,116.0802961080196,
report_file,/Users/shuheiyokkaichi/Library/CloudStorage/OneDrive-TheUniversityofAuckland/2026 Sem 2/700/Brine outlet geom/03a_stage3_full_domain_mass_imbalance-rfile_1_1.out,03a_stage3_full_domain_mass_imbalance-rfile_1_1.out,03a_stage3_full_domain_mass_imbalance-rfile,.out,665,2026-08-18T03:13:31+00:00,True,,20260820T013223Z,False,,found_local_but_unmapped_to_server2_fixed_queue,True,/Users/shuheiyokkaichi/Library/CloudStorage/OneDrive-TheUniversityofAuckland/2026 Sem 2/700,Brine outlet geom/03a_stage3_full_domain_mass_imbalance-rfile_1_1.out,25,1,25,117.5531244526572,116.0802961080196,
report_file,/Users/shuheiyokkaichi/Library/CloudStorage/OneDrive-TheUniversityofAuckland/2026 Sem 2/700/Brine outlet geom/03a_stage3_full_domain_mass_imbalance-rfile_2_1.out,03a_stage3_full_domain_mass_imbalance-rfile_2_1.out,03a_stage3_full_domain_mass_imbalance-rfile,.out,665,2026-08-18T05:19:04+00:00,True,,20260820T013223Z,False,,found_local_but_unmapped_to_server2_fixed_queue,True,/Users/shuheiyokkaichi/Library/CloudStorage/OneDrive-TheUniversityofAuckland/2026 Sem 2/700,Brine outlet geom/03a_stage3_full_domain_mass_imbalance-rfile_2_1.out,25,1,25,117.5531244526572,116.0802961080196,
report_file,/Users/shuheiyokkaichi/Library/CloudStorage/OneDrive-TheUniversityofAuckland/2026 Sem 2/700/Brine outlet geom/03a_stage3_inventory_total_liquid_mass-rfile.out,03a_stage3_inventory_total_liquid_mass-rfile.out,03a_stage3_inventory_total_liquid_mass-rfile,.out,710,2026-08-18T02:42:13+00:00,True,,20260820T013223Z,False,,found_local_but_unmapped_to_server2_fixed_queue,True,/Users/shuheiyokkaichi/Library/CloudStorage/OneDrive-TheUniversityofAuckland/2026 Sem 2/700,Brine outlet geom/03a_stage3_inventory_total_liquid_mass-rfile.out,25,1,25,0.001647889039330775,0.4624140988471512,
report_file,/Users/shuheiyokkaichi/Library/CloudStorage/OneDrive-TheUniversityofAuckland/2026 Sem 2/700/Brine outlet geom/03a_stage3_inventory_total_liquid_mass-rfile_1_1.out,03a_stage3_inventory_total_liquid_mass-rfile_1_1.out,03a_stage3_inventory_total_liquid_mass-rfile,.out,710,2026-08-18T03:13:31+00:00,True,,20260820T013223Z,False,,found_local_but_unmapped_to_server2_fixed_queue,True,/Users/shuheiyokkaichi/Library/CloudStorage/OneDrive-TheUniversityofAuckland/2026 Sem 2/700,Brine outlet geom/03a_stage3_inventory_total_liquid_mass-rfile_1_1.out,25,1,25,0.001647889039330775,0.4624140988471512,
report_file,/Users/shuheiyokkaichi/Library/CloudStorage/OneDrive-TheUniversityofAuckland/2026 Sem 2/700/Brine outlet geom/03a_stage3_inventory_total_liquid_mass-rfile_2_1.out,03a_stage3_inventory_total_liquid_mass-rfile_2_1.out,03a_stage3_inventory_total_liquid_mass-rfile,.out,710,2026-08-18T05:19:04+00:00,True,,20260820T013223Z,False,,found_local_but_unmapped_to_server2_fixed_queue,True,/Users/shuheiyokkaichi/Library/CloudStorage/OneDrive-TheUniversityofAuckland/2026 Sem 2/700,Brine outlet geom/03a_stage3_inventory_total_liquid_mass-rfile_2_1.out,25,1,25,0.001647889039330775,0.4624140988471512,
report_file,/Users/shuheiyokkaichi/Library/CloudStorage/OneDrive-TheUniversityofAuckland/2026 Sem 2/700/Brine outlet geom/03a_stage3_inventory_total_liquid_volume-rfile.out,03a_stage3_inventory_total_liquid_volume-rfile.out,03a_stage3_inventory_total_liquid_volume-rfile,.out,776,2026-08-18T02:42:13+00:00,True,,20260820T013223Z,False,,found_local_but_unmapped_to_server2_fixed_queue,True,/Users/shuheiyokkaichi/Library/CloudStorage/OneDrive-TheUniversityofAuckland/2026 Sem 2/700,Brine outlet geom/03a_stage3_inventory_total_liquid_volume-rfile.out,25,1,25,1.870028022498748e-06,0.0005247485129179858,
report_file,/Users/shuheiyokkaichi/Library/CloudStorage/OneDrive-TheUniversityofAuckland/2026 Sem 2/700/Brine outlet geom/03a_stage3_inventory_total_liquid_volume-rfile_1_1.out,03a_stage3_inventory_total_liquid_volume-rfile_1_1.out,03a_stage3_inventory_total_liquid_volume-rfile,.out,776,2026-08-18T03:13:31+00:00,True,,20260820T013223Z,False,,found_local_but_unmapped_to_server2_fixed_queue,True,/Users/shuheiyokkaichi/Library/CloudStorage/OneDrive-TheUniversityofAuckland/2026 Sem 2/700,Brine outlet geom/03a_stage3_inventory_total_liquid_volume-rfile_1_1.out,25,1,25,1.870028022498748e-06,0.0005247485129179858,
report_file,/Users/shuheiyokkaichi/Library/CloudStorage/OneDrive-TheUniversityofAuckland/2026 Sem 2/700/Brine outlet geom/03a_stage3_inventory_total_liquid_volume-rfile_2_1.out,03a_stage3_inventory_total_liquid_volume-rfile_2_1.out,03a_stage3_inventory_total_liquid_volume-rfile,.out,776,2026-08-18T05:19:04+00:00,True,,20260820T013223Z,False,,found_local_but_unmapped_to_server2_fixed_queue,True,/Users/shuheiyokkaichi/Library/CloudStorage/OneDrive-TheUniversityofAuckland/2026 Sem 2/700,Brine outlet geom/03a_stage3_inventory_total_liquid_volume-rfile_2_1.out,25,1,25,1.870028022498748e-06,0.0005247485129179858,
report_file,/Users/shuheiyokkaichi/Library/CloudStorage/OneDrive-TheUniversityofAuckland/2026 Sem 2/700/Brine outlet geom/03a_stage3_inventory_y010_liquid_mass-rfile.out,03a_stage3_inventory_y010_liquid_mass-rfile.out,03a_stage3_inventory_y010_liquid_mass-rfile,.out,764,2026-08-18T02:42:13+00:00,True,,20260820T013223Z,False,,found_local_but_unmapped_to_server2_fixed_queue,True,/Users/shuheiyokkaichi/Library/CloudStorage/OneDrive-TheUniversityofAuckland/2026 Sem 2/700,Brine outlet geom/03a_stage3_inventory_y010_liquid_mass-rfile.out,25,1,25,1.066215047572845e-32,7.188185421347413e-22,
report_file,/Users/shuheiyokkaichi/Library/CloudStorage/OneDrive-TheUniversityofAuckland/2026 Sem 2/700/Brine outlet geom/03a_stage3_inventory_y010_liquid_mass-rfile_1_1.out,03a_stage3_inventory_y010_liquid_mass-rfile_1_1.out,03a_stage3_inventory_y010_liquid_mass-rfile,.out,764,2026-08-18T03:13:31+00:00,True,,20260820T013223Z,False,,found_local_but_unmapped_to_server2_fixed_queue,True,/Users/shuheiyokkaichi/Library/CloudStorage/OneDrive-TheUniversityofAuckland/2026 Sem 2/700,Brine outlet geom/03a_stage3_inventory_y010_liquid_mass-rfile_1_1.out,25,1,25,1.066215047572845e-32,7.188185421347413e-22,
report_file,/Users/shuheiyokkaichi/Library/CloudStorage/OneDrive-TheUniversityofAuckland/2026 Sem 2/700/Brine outlet geom/03a_stage3_inventory_y010_liquid_mass-rfile_2_1.out,03a_stage3_inventory_y010_liquid_mass-rfile_2_1.out,03a_stage3_inventory_y010_liquid_mass-rfile,.out,764,2026-08-18T05:19:04+00:00,True,,20260820T013223Z,False,,found_local_but_unmapped_to_server2_fixed_queue,True,/Users/shuheiyokkaichi/Library/CloudStorage/OneDrive-TheUniversityofAuckland/2026 Sem 2/700,Brine outlet geom/03a_stage3_inventory_y010_liquid_mass-rfile_2_1.out,25,1,25,1.066215047572845e-32,7.188185421347413e-22,
report_file,/Users/shuheiyokkaichi/Library/CloudStorage/OneDrive-TheUniversityofAuckland/2026 Sem 2/700/Brine outlet geom/03a_stage3_inventory_y030_liquid_mass-rfile.out,03a_stage3_inventory_y030_liquid_mass-rfile.out,03a_stage3_inventory_y030_liquid_mass-rfile,.out,766,2026-08-18T02:42:13+00:00,True,,20260820T013223Z,False,,found_local_but_unmapped_to_server2_fixed_queue,True,/Users/shuheiyokkaichi/Library/CloudStorage/OneDrive-TheUniversityofAuckland/2026 Sem 2/700,Brine outlet geom/03a_stage3_inventory_y030_liquid_mass-rfile.out,25,1,25,3.238203100580689e-31,3.418094675002472e-20,
report_file,/Users/shuheiyokkaichi/Library/CloudStorage/OneDrive-TheUniversityofAuckland/2026 Sem 2/700/Brine outlet geom/03a_stage3_inventory_y030_liquid_mass-rfile_1_1.out,03a_stage3_inventory_y030_liquid_mass-rfile_1_1.out,03a_stage3_inventory_y030_liquid_mass-rfile,.out,766,2026-08-18T03:13:31+00:00,True,,20260820T013223Z,False,,found_local_but_unmapped_to_server2_fixed_queue,True,/Users/shuheiyokkaichi/Library/CloudStorage/OneDrive-TheUniversityofAuckland/2026 Sem 2/700,Brine outlet geom/03a_stage3_inventory_y030_liquid_mass-rfile_1_1.out,25,1,25,3.238203100580689e-31,3.418094675002472e-20,
report_file,/Users/shuheiyokkaichi/Library/CloudStorage/OneDrive-TheUniversityofAuckland/2026 Sem 2/700/Brine outlet geom/03a_stage3_inventory_y030_liquid_mass-rfile_2_1.out,03a_stage3_inventory_y030_liquid_mass-rfile_2_1.out,03a_stage3_inventory_y030_liquid_mass-rfile,.out,766,2026-08-18T05:19:04+00:00,True,,20260820T013223Z,False,,found_local_but_unmapped_to_server2_fixed_queue,True,/Users/shuheiyokkaichi/Library/CloudStorage/OneDrive-TheUniversityofAuckland/2026 Sem 2/700,Brine outlet geom/03a_stage3_inventory_y030_liquid_mass-rfile_2_1.out,25,1,25,3.238203100580689e-31,3.418094675002472e-20,
report_file,/Users/shuheiyokkaichi/Library/CloudStorage/OneDrive-TheUniversityofAuckland/2026 Sem 2/700/Brine outlet geom/03a_stage3_liquid_inlet_mass_flux-rfile.out,03a_stage3_liquid_inlet_mass_flux-rfile.out,03a_stage3_liquid_inlet_mass_flux-rfile,.out,656,2026-08-18T02:42:13+00:00,True,,20260820T013223Z,False,,found_local_but_unmapped_to_server2_fixed_queue,True,/Users/shuheiyokkaichi/Library/CloudStorage/OneDrive-TheUniversityofAuckland/2026 Sem 2/700,Brine outlet geom/03a_stage3_liquid_inlet_mass_flux-rfile.out,25,1,25,116.8467769223464,116.8467769223464,
report_file,/Users/shuheiyokkaichi/Library/CloudStorage/OneDrive-TheUniversityofAuckland/2026 Sem 2/700/Brine outlet geom/03a_stage3_liquid_inlet_mass_flux-rfile_1_1.out,03a_stage3_liquid_inlet_mass_flux-rfile_1_1.out,03a_stage3_liquid_inlet_mass_flux-rfile,.out,656,2026-08-18T03:13:31+00:00,True,,20260820T013223Z,False,,found_local_but_unmapped_to_server2_fixed_queue,True,/Users/shuheiyokkaichi/Library/CloudStorage/OneDrive-TheUniversityofAuckland/2026 Sem 2/700,Brine outlet geom/03a_stage3_liquid_inlet_mass_flux-rfile_1_1.out,25,1,25,116.8467769223464,116.8467769223464,
report_file,/Users/shuheiyokkaichi/Library/CloudStorage/OneDrive-TheUniversityofAuckland/2026 Sem 2/700/Brine outlet geom/03a_stage3_liquid_inlet_mass_flux-rfile_2_1.out,03a_stage3_liquid_inlet_mass_flux-rfile_2_1.out,03a_stage3_liquid_inlet_mass_flux-rfile,.out,656,2026-08-18T05:19:04+00:00,True,,20260820T013223Z,False,,found_local_but_unmapped_to_server2_fixed_queue,True,/Users/shuheiyokkaichi/Library/CloudStorage/OneDrive-TheUniversityofAuckland/2026 Sem 2/700,Brine outlet geom/03a_stage3_liquid_inlet_mass_flux-rfile_2_1.out,25,1,25,116.8467769223464,116.8467769223464,
report_file,/Users/shuheiyokkaichi/Library/CloudStorage/OneDrive-TheUniversityofAuckland/2026 Sem 2/700/Brine outlet geom/03a_stage3_relative_mass_imbalance-rfile.out,03a_stage3_relative_mass_imbalance-rfile.out,03a_stage3_relative_mass_imbalance-rfile,.out,684,2026-08-18T02:42:13+00:00,True,,20260820T013223Z,False,,found_local_but_unmapped_to_server2_fixed_queue,True,/Users/shuheiyokkaichi/Library/CloudStorage/OneDrive-TheUniversityofAuckland/2026 Sem 2/700,Brine outlet geom/03a_stage3_relative_mass_imbalance-rfile.out,25,1,25,0.5922481051518229,0.5848278022003955,
report_file,/Users/shuheiyokkaichi/Library/CloudStorage/OneDrive-TheUniversityofAuckland/2026 Sem 2/700/Brine outlet geom/03a_stage3_relative_mass_imbalance-rfile_1_1.out,03a_stage3_relative_mass_imbalance-rfile_1_1.out,03a_stage3_relative_mass_imbalance-rfile,.out,684,2026-08-18T03:13:31+00:00,True,,20260820T013223Z,False,,found_local_but_unmapped_to_server2_fixed_queue,True,/Users/shuheiyokkaichi/Library/CloudStorage/OneDrive-TheUniversityofAuckland/2026 Sem 2/700,Brine outlet geom/03a_stage3_relative_mass_imbalance-rfile_1_1.out,25,1,25,0.5922481051518229,0.5848278022003955,
report_file,/Users/shuheiyokkaichi/Library/CloudStorage/OneDrive-TheUniversityofAuckland/2026 Sem 2/700/Brine outlet geom/03a_stage3_relative_mass_imbalance-rfile_2_1.out,03a_stage3_relative_mass_imbalance-rfile_2_1.out,03a_stage3_relative_mass_imbalance-rfile,.out,684,2026-08-18T05:19:04+00:00,True,,20260820T013223Z,False,,found_local_but_unmapped_to_server2_fixed_queue,True,/Users/shuheiyokkaichi/Library/CloudStorage/OneDrive-TheUniversityofAuckland/2026 Sem 2/700,Brine outlet geom/03a_stage3_relative_mass_imbalance-rfile_2_1.out,25,1,25,0.5922481051518229,0.5848278022003955,
report_file,/Users/shuheiyokkaichi/Library/CloudStorage/OneDrive-TheUniversityofAuckland/2026 Sem 2/700/Brine outlet geom/03a_stage3_routing_liquid_to_brine-rfile.out,03a_stage3_routing_liquid_to_brine-rfile.out,03a_stage3_routing_liquid_to_brine-rfile,.out,655,2026-08-18T02:42:13+00:00,True,,20260820T013223Z,False,,found_local_but_unmapped_to_server2_fixed_queue,True,/Users/shuheiyokkaichi/Library/CloudStorage/OneDrive-TheUniversityofAuckland/2026 Sem 2/700,Brine outlet geom/03a_stage3_routing_liquid_to_brine-rfile.out,25,1,25,-1.633557926340224e-59,-7.776484365802722e-35,
report_file,/Users/shuheiyokkaichi/Library/CloudStorage/OneDrive-TheUniversityofAuckland/2026 Sem 2/700/Brine outlet geom/03a_stage3_routing_liquid_to_brine-rfile_1_1.out,03a_stage3_routing_liquid_to_brine-rfile_1_1.out,03a_stage3_routing_liquid_to_brine-rfile,.out,655,2026-08-18T03:13:31+00:00,True,,20260820T013223Z,False,,found_local_but_unmapped_to_server2_fixed_queue,True,/Users/shuheiyokkaichi/Library/CloudStorage/OneDrive-TheUniversityofAuckland/2026 Sem 2/700,Brine outlet geom/03a_stage3_routing_liquid_to_brine-rfile_1_1.out,25,1,25,-1.633557926340224e-59,-7.776484365802722e-35,
report_file,/Users/shuheiyokkaichi/Library/CloudStorage/OneDrive-TheUniversityofAuckland/2026 Sem 2/700/Brine outlet geom/03a_stage3_routing_liquid_to_brine-rfile_2_1.out,03a_stage3_routing_liquid_to_brine-rfile_2_1.out,03a_stage3_routing_liquid_to_brine-rfile,.out,655,2026-08-18T05:19:04+00:00,True,,20260820T013223Z,False,,found_local_but_unmapped_to_server2_fixed_queue,True,/Users/shuheiyokkaichi/Library/CloudStorage/OneDrive-TheUniversityofAuckland/2026 Sem 2/700,Brine outlet geom/03a_stage3_routing_liquid_to_brine-rfile_2_1.out,25,1,25,-1.633557926340224e-59,-7.776484365802722e-35,
report_file,/Users/shuheiyokkaichi/Library/CloudStorage/OneDrive-TheUniversityofAuckland/2026 Sem 2/700/Brine outlet geom/03a_stage3_routing_liquid_to_steam-rfile.out,03a_stage3_routing_liquid_to_steam-rfile.out,03a_stage3_routing_liquid_to_steam-rfile,.out,740,2026-08-18T02:42:13+00:00,True,,20260820T013223Z,False,,found_local_but_unmapped_to_server2_fixed_queue,True,/Users/shuheiyokkaichi/Library/CloudStorage/OneDrive-TheUniversityofAuckland/2026 Sem 2/700,Brine outlet geom/03a_stage3_routing_liquid_to_steam-rfile.out,25,1,25,0.0,-9.256839195810026e-55,
report_file,/Users/shuheiyokkaichi/Library/CloudStorage/OneDrive-TheUniversityofAuckland/2026 Sem 2/700/Brine outlet geom/03a_stage3_routing_liquid_to_steam-rfile_1_1.out,03a_stage3_routing_liquid_to_steam-rfile_1_1.out,03a_stage3_routing_liquid_to_steam-rfile,.out,740,2026-08-18T03:13:31+00:00,True,,20260820T013223Z,False,,found_local_but_unmapped_to_server2_fixed_queue,True,/Users/shuheiyokkaichi/Library/CloudStorage/OneDrive-TheUniversityofAuckland/2026 Sem 2/700,Brine outlet geom/03a_stage3_routing_liquid_to_steam-rfile_1_1.out,25,1,25,0.0,-9.256839195810026e-55,
report_file,/Users/shuheiyokkaichi/Library/CloudStorage/OneDrive-TheUniversityofAuckland/2026 Sem 2/700/Brine outlet geom/03a_stage3_routing_liquid_to_steam-rfile_2_1.out,03a_stage3_routing_liquid_to_steam-rfile_2_1.out,03a_stage3_routing_liquid_to_steam-rfile,.out,740,2026-08-18T05:19:04+00:00,True,,20260820T013223Z,False,,found_local_but_unmapped_to_server2_fixed_queue,True,/Users/shuheiyokkaichi/Library/CloudStorage/OneDrive-TheUniversityofAuckland/2026 Sem 2/700,Brine outlet geom/03a_stage3_routing_liquid_to_steam-rfile_2_1.out,25,1,25,0.0,-9.256839195810026e-55,
report_file,/Users/shuheiyokkaichi/Library/CloudStorage/OneDrive-TheUniversityofAuckland/2026 Sem 2/700/Brine outlet geom/03a_stage3_routing_vapor_to_brine-rfile.out,03a_stage3_routing_vapor_to_brine-rfile.out,03a_stage3_routing_vapor_to_brine-rfile,.out,680,2026-08-18T02:42:13+00:00,True,,20260820T013223Z,False,,found_local_but_unmapped_to_server2_fixed_queue,True,/Users/shuheiyokkaichi/Library/CloudStorage/OneDrive-TheUniversityofAuckland/2026 Sem 2/700,Brine outlet geom/03a_stage3_routing_vapor_to_brine-rfile.out,25,1,25,-15.45624072026899,-24.78783709273334,
report_file,/Users/shuheiyokkaichi/Library/CloudStorage/OneDrive-TheUniversityofAuckland/2026 Sem 2/700/Brine outlet geom/03a_stage3_routing_vapor_to_brine-rfile_1_1.out,03a_stage3_routing_vapor_to_brine-rfile_1_1.out,03a_stage3_routing_vapor_to_brine-rfile,.out,680,2026-08-18T03:13:31+00:00,True,,20260820T013223Z,False,,found_local_but_unmapped_to_server2_fixed_queue,True,/Users/shuheiyokkaichi/Library/CloudStorage/OneDrive-TheUniversityofAuckland/2026 Sem 2/700,Brine outlet geom/03a_stage3_routing_vapor_to_brine-rfile_1_1.out,25,1,25,-15.45624072026899,-24.78783709273334,
report_file,/Users/shuheiyokkaichi/Library/CloudStorage/OneDrive-TheUniversityofAuckland/2026 Sem 2/700/Brine outlet geom/03a_stage3_routing_vapor_to_brine-rfile_2_1.out,03a_stage3_routing_vapor_to_brine-rfile_2_1.out,03a_stage3_routing_vapor_to_brine-rfile,.out,680,2026-08-18T05:19:04+00:00,True,,20260820T013223Z,False,,found_local_but_unmapped_to_server2_fixed_queue,True,/Users/shuheiyokkaichi/Library/CloudStorage/OneDrive-TheUniversityofAuckland/2026 Sem 2/700,Brine outlet geom/03a_stage3_routing_vapor_to_brine-rfile_2_1.out,25,1,25,-15.45624072026899,-24.78783709273334,
report_file,/Users/shuheiyokkaichi/Library/CloudStorage/OneDrive-TheUniversityofAuckland/2026 Sem 2/700/Brine outlet geom/03a_stage3_routing_vapor_to_steam-rfile.out,03a_stage3_routing_vapor_to_steam-rfile.out,03a_stage3_routing_vapor_to_steam-rfile,.out,681,2026-08-18T02:42:13+00:00,True,,20260820T013223Z,False,,found_local_but_unmapped_to_server2_fixed_queue,True,/Users/shuheiyokkaichi/Library/CloudStorage/OneDrive-TheUniversityofAuckland/2026 Sem 2/700,Brine outlet geom/03a_stage3_routing_vapor_to_steam-rfile.out,25,1,25,-65.47691689381415,-57.61814886598747,
report_file,/Users/shuheiyokkaichi/Library/CloudStorage/OneDrive-TheUniversityofAuckland/2026 Sem 2/700/Brine outlet geom/03a_stage3_routing_vapor_to_steam-rfile_1_1.out,03a_stage3_routing_vapor_to_steam-rfile_1_1.out,03a_stage3_routing_vapor_to_steam-rfile,.out,681,2026-08-18T03:13:31+00:00,True,,20260820T013223Z,False,,found_local_but_unmapped_to_server2_fixed_queue,True,/Users/shuheiyokkaichi/Library/CloudStorage/OneDrive-TheUniversityofAuckland/2026 Sem 2/700,Brine outlet geom/03a_stage3_routing_vapor_to_steam-rfile_1_1.out,25,1,25,-65.47691689381415,-57.61814886598747,
report_file,/Users/shuheiyokkaichi/Library/CloudStorage/OneDrive-TheUniversityofAuckland/2026 Sem 2/700/Brine outlet geom/03a_stage3_routing_vapor_to_steam-rfile_2_1.out,03a_stage3_routing_vapor_to_steam-rfile_2_1.out,03a_stage3_routing_vapor_to_steam-rfile,.out,681,2026-08-18T05:19:04+00:00,True,,20260820T013223Z,False,,found_local_but_unmapped_to_server2_fixed_queue,True,/Users/shuheiyokkaichi/Library/CloudStorage/OneDrive-TheUniversityofAuckland/2026 Sem 2/700,Brine outlet geom/03a_stage3_routing_vapor_to_steam-rfile_2_1.out,25,1,25,-65.47691689381415,-57.61814886598747,
report_file,/Users/shuheiyokkaichi/Library/CloudStorage/OneDrive-TheUniversityofAuckland/2026 Sem 2/700/Brine outlet geom/03a_stage3_steam_outlet_total-rfile.out,03a_stage3_steam_outlet_total-rfile.out,03a_stage3_steam_outlet_total-rfile,.out,669,2026-08-18T02:42:13+00:00,True,,20260820T013223Z,False,,found_local_but_unmapped_to_server2_fixed_queue,True,/Users/shuheiyokkaichi/Library/CloudStorage/OneDrive-TheUniversityofAuckland/2026 Sem 2/700,Brine outlet geom/03a_stage3_steam_outlet_total-rfile.out,25,1,25,-65.47691689381415,-57.61814886598747,
report_file,/Users/shuheiyokkaichi/Library/CloudStorage/OneDrive-TheUniversityofAuckland/2026 Sem 2/700/Brine outlet geom/03a_stage3_steam_outlet_total-rfile_1_1.out,03a_stage3_steam_outlet_total-rfile_1_1.out,03a_stage3_steam_outlet_total-rfile,.out,669,2026-08-18T03:13:31+00:00,True,,20260820T013223Z,False,,found_local_but_unmapped_to_server2_fixed_queue,True,/Users/shuheiyokkaichi/Library/CloudStorage/OneDrive-TheUniversityofAuckland/2026 Sem 2/700,Brine outlet geom/03a_stage3_steam_outlet_total-rfile_1_1.out,25,1,25,-65.47691689381415,-57.61814886598747,
report_file,/Users/shuheiyokkaichi/Library/CloudStorage/OneDrive-TheUniversityofAuckland/2026 Sem 2/700/Brine outlet geom/03a_stage3_steam_outlet_total-rfile_2_1.out,03a_stage3_steam_outlet_total-rfile_2_1.out,03a_stage3_steam_outlet_total-rfile,.out,669,2026-08-18T05:19:04+00:00,True,,20260820T013223Z,False,,found_local_but_unmapped_to_server2_fixed_queue,True,/Users/shuheiyokkaichi/Library/CloudStorage/OneDrive-TheUniversityofAuckland/2026 Sem 2/700,Brine outlet geom/03a_stage3_steam_outlet_total-rfile_2_1.out,25,1,25,-65.47691689381415,-57.61814886598747,
report_file,/Users/shuheiyokkaichi/Library/CloudStorage/OneDrive-TheUniversityofAuckland/2026 Sem 2/700/Brine outlet geom/03a_stage3_total_mixture_inlet-rfile.out,03a_stage3_total_mixture_inlet-rfile.out,03a_stage3_total_mixture_inlet-rfile,.out,647,2026-08-18T02:42:13+00:00,True,,20260820T013223Z,False,,found_local_but_unmapped_to_server2_fixed_queue,True,/Users/shuheiyokkaichi/Library/CloudStorage/OneDrive-TheUniversityofAuckland/2026 Sem 2/700,Brine outlet geom/03a_stage3_total_mixture_inlet-rfile.out,25,1,25,198.4862820667404,198.4862820667404,
report_file,/Users/shuheiyokkaichi/Library/CloudStorage/OneDrive-TheUniversityofAuckland/2026 Sem 2/700/Brine outlet geom/03a_stage3_total_mixture_inlet-rfile_1_1.out,03a_stage3_total_mixture_inlet-rfile_1_1.out,03a_stage3_total_mixture_inlet-rfile,.out,647,2026-08-18T03:13:31+00:00,True,,20260820T013223Z,False,,found_local_but_unmapped_to_server2_fixed_queue,True,/Users/shuheiyokkaichi/Library/CloudStorage/OneDrive-TheUniversityofAuckland/2026 Sem 2/700,Brine outlet geom/03a_stage3_total_mixture_inlet-rfile_1_1.out,25,1,25,198.4862820667404,198.4862820667404,
report_file,/Users/shuheiyokkaichi/Library/CloudStorage/OneDrive-TheUniversityofAuckland/2026 Sem 2/700/Brine outlet geom/03a_stage3_total_mixture_inlet-rfile_2_1.out,03a_stage3_total_mixture_inlet-rfile_2_1.out,03a_stage3_total_mixture_inlet-rfile,.out,647,2026-08-18T05:19:04+00:00,True,,20260820T013223Z,False,,found_local_but_unmapped_to_server2_fixed_queue,True,/Users/shuheiyokkaichi/Library/CloudStorage/OneDrive-TheUniversityofAuckland/2026 Sem 2/700,Brine outlet geom/03a_stage3_total_mixture_inlet-rfile_2_1.out,25,1,25,198.4862820667404,198.4862820667404,
report_file,/Users/shuheiyokkaichi/Library/CloudStorage/OneDrive-TheUniversityofAuckland/2026 Sem 2/700/Brine outlet geom/03a_stage3_total_outlet-rfile.out,03a_stage3_total_outlet-rfile.out,03a_stage3_total_outlet-rfile,.out,650,2026-08-18T02:42:13+00:00,True,,20260820T013223Z,False,,found_local_but_unmapped_to_server2_fixed_queue,True,/Users/shuheiyokkaichi/Library/CloudStorage/OneDrive-TheUniversityofAuckland/2026 Sem 2/700,Brine outlet geom/03a_stage3_total_outlet-rfile.out,25,1,25,-80.93315761408314,-82.40598595872082,
report_file,/Users/shuheiyokkaichi/Library/CloudStorage/OneDrive-TheUniversityofAuckland/2026 Sem 2/700/Brine outlet geom/03a_stage3_total_outlet-rfile_1_1.out,03a_stage3_total_outlet-rfile_1_1.out,03a_stage3_total_outlet-rfile,.out,650,2026-08-18T03:13:31+00:00,True,,20260820T013223Z,False,,found_local_but_unmapped_to_server2_fixed_queue,True,/Users/shuheiyokkaichi/Library/CloudStorage/OneDrive-TheUniversityofAuckland/2026 Sem 2/700,Brine outlet geom/03a_stage3_total_outlet-rfile_1_1.out,25,1,25,-80.93315761408314,-82.40598595872082,
report_file,/Users/shuheiyokkaichi/Library/CloudStorage/OneDrive-TheUniversityofAuckland/2026 Sem 2/700/Brine outlet geom/03a_stage3_total_outlet-rfile_2_1.out,03a_stage3_total_outlet-rfile_2_1.out,03a_stage3_total_outlet-rfile,.out,650,2026-08-18T05:19:04+00:00,True,,20260820T013223Z,False,,found_local_but_unmapped_to_server2_fixed_queue,True,/Users/shuheiyokkaichi/Library/CloudStorage/OneDrive-TheUniversityofAuckland/2026 Sem 2/700,Brine outlet geom/03a_stage3_total_outlet-rfile_2_1.out,25,1,25,-80.93315761408314,-82.40598595872082,
report_file,/Users/shuheiyokkaichi/Library/CloudStorage/OneDrive-TheUniversityofAuckland/2026 Sem 2/700/Brine outlet geom/03a_stage3_vapor_inlet_mass_flux-rfile.out,03a_stage3_vapor_inlet_mass_flux-rfile.out,03a_stage3_vapor_inlet_mass_flux-rfile,.out,653,2026-08-18T02:42:13+00:00,True,,20260820T013223Z,False,,found_local_but_unmapped_to_server2_fixed_queue,True,/Users/shuheiyokkaichi/Library/CloudStorage/OneDrive-TheUniversityofAuckland/2026 Sem 2/700,Brine outlet geom/03a_stage3_vapor_inlet_mass_flux-rfile.out,25,1,25,81.63950514439395,81.63950514439395,
report_file,/Users/shuheiyokkaichi/Library/CloudStorage/OneDrive-TheUniversityofAuckland/2026 Sem 2/700/Brine outlet geom/03a_stage3_vapor_inlet_mass_flux-rfile_1_1.out,03a_stage3_vapor_inlet_mass_flux-rfile_1_1.out,03a_stage3_vapor_inlet_mass_flux-rfile,.out,653,2026-08-18T03:13:31+00:00,True,,20260820T013223Z,False,,found_local_but_unmapped_to_server2_fixed_queue,True,/Users/shuheiyokkaichi/Library/CloudStorage/OneDrive-TheUniversityofAuckland/2026 Sem 2/700,Brine outlet geom/03a_stage3_vapor_inlet_mass_flux-rfile_1_1.out,25,1,25,81.63950514439395,81.63950514439395,
report_file,/Users/shuheiyokkaichi/Library/CloudStorage/OneDrive-TheUniversityofAuckland/2026 Sem 2/700/Brine outlet geom/03a_stage3_vapor_inlet_mass_flux-rfile_2_1.out,03a_stage3_vapor_inlet_mass_flux-rfile_2_1.out,03a_stage3_vapor_inlet_mass_flux-rfile,.out,653,2026-08-18T05:19:04+00:00,True,,20260820T013223Z,False,,found_local_but_unmapped_to_server2_fixed_queue,True,/Users/shuheiyokkaichi/Library/CloudStorage/OneDrive-TheUniversityofAuckland/2026 Sem 2/700,Brine outlet geom/03a_stage3_vapor_inlet_mass_flux-rfile_2_1.out,25,1,25,81.63950514439395,81.63950514439395,
data,/Users/shuheiyokkaichi/Library/CloudStorage/OneDrive-TheUniversityofAuckland/2026 Sem 2/700/Brine outlet geom/fluent-meshing_files/dp0/act.dat,act.dat,act,.dat,265640,2026-08-20T05:34:16+00:00,False,,20260820T013223Z,False,,found_local_outside_server2_stage3_filename_scope,True,/Users/shuheiyokkaichi/Library/CloudStorage/OneDrive-TheUniversityofAuckland/2026 Sem 2/700,Brine outlet geom/fluent-meshing_files/dp0/act.dat,,,,,,
case,/Users/shuheiyokkaichi/Library/CloudStorage/OneDrive-TheUniversityofAuckland/2026 Sem 2/700/Full geom/03A-stage3/03A-stage3-P0-monitor-ready-preinit.cas.h5,03A-stage3-P0-monitor-ready-preinit.cas.h5,03A-stage3-P0-monitor-ready-preinit,.cas.h5,28189278,2026-08-18T03:07:24+00:00,True,,20260820T013223Z,False,,found_local_but_unmapped_to_server2_fixed_queue,True,/Users/shuheiyokkaichi/Library/CloudStorage/OneDrive-TheUniversityofAuckland/2026 Sem 2/700,Full geom/03A-stage3/03A-stage3-P0-monitor-ready-preinit.cas.h5,,,,,,
