case,enthalpy_kJkg,vt_ms,z_velocity_ms,inj,x_xmed,diameter_mm,diameter_m,mass_flow_kgs
Case 1,1600 -25%,25.666961,-25.666961,1,0.01,0.005911,5.910666e-06,0.142496
Case 1,1600 -25%,25.666961,-25.666961,2,0.05,0.029553,2.955333e-05,0.585331
Case 1,1600 -25%,25.666961,-25.666961,3,0.1,0.059107,5.910666e-05,0.727827
Case 1,1600 -25%,25.666961,-25.666961,4,0.2,0.118213,1.182133e-04,1.464423
Case 1,1600 -25%,25.666961,-25.666961,5,0.3,0.17732,1.773200e-04,1.464423
Case 1,1600 -25%,25.666961,-25.666961,6,0.62,0.366461,3.664613e-04,17.538
Case 1,1600 -25%,25.666961,-25.666961,7,1.0,0.591067,5.910666e-04,21.9225
Case 1,1600 -25%,25.666961,-25.666961,8,1.5,0.8866,8.865999e-04,21.9225
Case 1,1600 -25%,25.666961,-25.666961,9,2.9,1.714093,1.714093e-03,21.9225
Case 2,1440,27.503345,-27.503345,1,0.01,0.005478,5.478028e-06,0.215735
Case 2,1440,27.503345,-27.503345,2,0.05,0.02739,2.739014e-05,0.886173
Case 2,1440,27.503345,-27.503345,3,0.1,0.05478,5.478028e-05,1.101908
Case 2,1440,27.503345,-27.503345,4,0.2,0.109561,1.095606e-04,2.217092
Case 2,1440,27.503345,-27.503345,5,0.3,0.164341,1.643408e-04,2.217092
Case 2,1440,27.503345,-27.503345,6,0.62,0.339638,3.396377e-04,26.552
Case 2,1440,27.503345,-27.503345,7,1.0,0.547803,5.478028e-04,33.19
Case 2,1440,27.503345,-27.503345,8,1.5,0.821704,8.217042e-04,33.19
Case 2,1440,27.503345,-27.503345,9,2.9,1.588628,1.588628e-03,33.19
Case 3,1520,30.862273,-30.862273,1,0.01,0.004826,4.825892e-06,0.202865
Case 3,1520,30.862273,-30.862273,2,0.05,0.024129,2.412946e-05,0.833307
Case 3,1520,30.862273,-30.862273,3,0.1,0.048259,4.825892e-05,1.036172
Case 3,1520,30.862273,-30.862273,4,0.2,0.096518,9.651784e-05,2.084828
Case 3,1520,30.862273,-30.862273,5,0.3,0.144777,1.447768e-04,2.084828
Case 3,1520,30.862273,-30.862273,6,0.62,0.299205,2.992053e-04,24.968
Case 3,1520,30.862273,-30.862273,7,1.0,0.482589,4.825892e-04,31.21
Case 3,1520,30.862273,-30.862273,8,1.5,0.723884,7.238838e-04,31.21
Case 3,1520,30.862273,-30.862273,9,2.9,1.399509,1.399509e-03,31.21
Case 4,1600,34.221202,-34.221202,1,0.01,0.004307,4.307482e-06,0.189995
Case 4,1600,34.221202,-34.221202,2,0.05,0.021537,2.153741e-05,0.780441
Case 4,1600,34.221202,-34.221202,3,0.1,0.043075,4.307482e-05,0.970436
Case 4,1600,34.221202,-34.221202,4,0.2,0.08615,8.614965e-05,1.952564
Case 4,1600,34.221202,-34.221202,5,0.3,0.129224,1.292245e-04,1.952564
Case 4,1600,34.221202,-34.221202,6,0.62,0.267064,2.670639e-04,23.384
Case 4,1600,34.221202,-34.221202,7,1.0,0.430748,4.307482e-04,29.23
Case 4,1600,34.221202,-34.221202,8,1.5,0.646122,6.461224e-04,29.23
Case 4,1600,34.221202,-34.221202,9,2.9,1.24917,1.249170e-03,29.23
Case 5,1680,37.58013,-37.58013,1,0.01,0.003886,3.885923e-06,0.177125
Case 5,1680,37.58013,-37.58013,2,0.05,0.01943,1.942962e-05,0.727575
Case 5,1680,37.58013,-37.58013,3,0.1,0.038859,3.885923e-05,0.9047
Case 5,1680,37.58013,-37.58013,4,0.2,0.077718,7.771846e-05,1.8203
Case 5,1680,37.58013,-37.58013,5,0.3,0.116578,1.165777e-04,1.8203
Case 5,1680,37.58013,-37.58013,6,0.62,0.240927,2.409272e-04,21.8
Case 5,1680,37.58013,-37.58013,7,1.0,0.388592,3.885923e-04,27.25
Case 5,1680,37.58013,-37.58013,8,1.5,0.582888,5.828885e-04,27.25
Case 5,1680,37.58013,-37.58013,9,2.9,1.126918,1.126918e-03,27.25
Case 6,1760,40.934817,-40.934817,1,0.01,0.003537,3.537090e-06,0.164271
Case 6,1760,40.934817,-40.934817,2,0.05,0.017685,1.768545e-05,0.674776
Case 6,1760,40.934817,-40.934817,3,0.1,0.035371,3.537090e-05,0.839047
Case 6,1760,40.934817,-40.934817,4,0.2,0.070742,7.074181e-05,1.688203
Case 6,1760,40.934817,-40.934817,5,0.3,0.106113,1.061127e-04,1.688203
Case 6,1760,40.934817,-40.934817,6,0.62,0.2193,2.192996e-04,20.218
Case 6,1760,40.934817,-40.934817,7,1.0,0.353709,3.537090e-04,25.2725
Case 6,1760,40.934817,-40.934817,8,1.5,0.530564,5.305636e-04,25.2725
Case 6,1760,40.934817,-40.934817,9,2.9,1.025756,1.025756e-03,25.2725
Case 7,1976,50.0,-50.0,1,0.01,0.002838,2.838450e-06,0.129513
Case 7,1976,50.0,-50.0,2,0.05,0.014192,1.419225e-05,0.531998
Case 7,1976,50.0,-50.0,3,0.1,0.028385,2.838450e-05,0.66151
Case 7,1976,50.0,-50.0,4,0.2,0.056769,5.676901e-05,1.33099
Case 7,1976,50.0,-50.0,5,0.3,0.085154,8.515351e-05,1.33099
Case 7,1976,50.0,-50.0,6,0.62,0.175984,1.759839e-04,15.94
Case 7,1976,50.0,-50.0,7,1.0,0.283845,2.838450e-04,19.925
Case 7,1976,50.0,-50.0,8,1.5,0.425768,4.257675e-04,19.925
Case 7,1976,50.0,-50.0,9,2.9,0.823151,8.231506e-04,19.925
Case 8,2214,60.0,-60.0,1,0.01,0.002323,2.322640e-06,0.091228
Case 8,2214,60.0,-60.0,2,0.05,0.011613,1.161320e-05,0.374735
Case 8,2214,60.0,-60.0,3,0.1,0.023226,2.322640e-05,0.465962
Case 8,2214,60.0,-60.0,4,0.2,0.046453,4.645280e-05,0.937538
Case 8,2214,60.0,-60.0,5,0.3,0.069679,6.967920e-05,0.937538
Case 8,2214,60.0,-60.0,6,0.62,0.144004,1.440037e-04,11.228
Case 8,2214,60.0,-60.0,7,1.0,0.232264,2.322640e-04,14.035
Case 8,2214,60.0,-60.0,8,1.5,0.348396,3.483960e-04,14.035
Case 8,2214,60.0,-60.0,9,2.9,0.673566,6.735656e-04,14.035
