branch,run_stamp,iteration,solver_state,load_percent,momentum_urf,total_inlet_kg_s,total_outlet_kg_s,liquid_inlet_kg_s,vapour_inlet_kg_s,liquid_to_brine_kg_s,liquid_to_steam_kg_s,vapour_to_brine_kg_s,vapour_to_steam_kg_s,mass_imbalance_signed_pct,mass_imbalance_abs_pct,liquid_closure_pct,vapour_closure_pct,liquid_inventory_total_kg,liquid_inventory_y030_kg,liquid_inventory_y010_kg,brine_entry_static_pressure_pa,brine_entry_total_pressure_pa,brine_entry_pressure_margin_pa,checkpoint_case,checkpoint_data,evidence_status
F01,legacy-supervised,5500,full-mixture,100,0.7,198.486282,385.263652,116.846777,81.639505,279.705534,25.491151,30.485683,49.581284,94.100896,94.100896,161.193926,-1.926197,901.398900,391.152034,376.568152,1120232.664,1153699.675,232.664,C:\Temp\03A-stage3-F01\F01-autosave-2.cas.h5,C:\Temp\03A-stage3-F01\F01-autosave-2-05500.dat.h5,VALID_PRE_FAILURE
F03,20260820T054645Z,5000,full-mixture,100,0.5,198.486282,866.164449,116.846777,81.639505,773.631445,15.816817,30.810024,45.906163,336.385044,336.385044,575.626905,-6.030559,2821.068548,749.339253,698.509590,1100584.832,1239731.837,-19415.168,C:\Temp\03A-stage3-F03\F03-100pct-final-5000-end-iter005000-supervised-20260820T054645Z.cas.h5,C:\Temp\03A-stage3-F03\F03-100pct-final-5000-end-iter005000-supervised-20260820T054645Z.dat.h5,VALID_COMPLETED_ENDPOINT
F05,20260820T013223Z,3000,full-mixture,100,0.3,198.486282,170.030407,116.846777,81.639505,81.389575,6.902073,35.323200,46.415559,-14.336444,14.336444,-24.438097,0.122342,317.751712,172.354358,166.299038,1121403.541,1130056.143,1403.541,C:\Users\syok443\Documents\FluentRuns\03A-stage3\F05\run-20260820T013223Z\03A-stage3-F05-full-mixture-100pct-end-20260820T013223Z.cas.h5,C:\Users\syok443\Documents\FluentRuns\03A-stage3\F05\run-20260820T013223Z\03A-stage3-F05-full-mixture-100pct-end-20260820T013223Z.dat.h5,VALID_COMPLETED_ENDPOINT
F06,20260820T013223Z,6000,full-mixture,100,0.3,198.486282,169.939714,116.846777,81.639505,83.420781,4.873351,37.182606,44.462976,-14.382137,14.382137,-24.435974,0.007423,376.626583,251.879588,245.693393,1121561.185,1130960.370,1561.185,C:\Users\syok443\Documents\FluentRuns\03A-stage3\F06\run-20260820T013223Z\03A-stage3-F06-full-mixture-100pct-end-20260820T013223Z.cas.h5,C:\Users\syok443\Documents\FluentRuns\03A-stage3\F06\run-20260820T013223Z\03A-stage3-F06-full-mixture-100pct-end-20260820T013223Z.dat.h5,VALID_COMPLETED_ENDPOINT
F07,20260820T002135Z,3150,full-mixture,10,0.7,19.848628,31.638598,11.684678,8.163951,23.366270,0.240751,1.166768,6.864809,59.399421,59.399421,102.033996,-1.621439,353.443253,206.086659,184.707124,1120029.153,1120076.631,29.153,C:\Temp\03A-stage3-F07\F07-10pct-resume-plus-2150-end-iter003150-20260820T002135Z.cas.h5,C:\Temp\03A-stage3-F07\F07-10pct-resume-plus-2150-end-iter003150-20260820T002135Z.dat.h5,CONFIRMED_STAGE
F07,20260820T002135Z,6150,full-mixture,20,0.7,39.697256,40.178483,23.369355,16.327901,22.476300,1.419722,6.143842,10.138618,1.212242,1.212242,2.253666,-0.278299,192.386313,146.448769,143.506950,1119946.087,1120468.977,-53.913,C:\Temp\03A-stage3-F07\F07-20pct-end-iter006150-20260820T002135Z.cas.h5,C:\Temp\03A-stage3-F07\F07-20pct-end-iter006150-20260820T002135Z.dat.h5,CONFIRMED_STAGE
F07,20260820T002135Z,9150,full-mixture,40,0.7,79.394513,96.110067,46.738711,32.655802,61.791603,1.770390,13.884437,18.663636,21.053790,21.053790,35.994323,-0.329892,324.161621,251.918384,247.418913,1120084.592,1122836.469,84.592,C:\Temp\03A-stage3-F07\F07-40pct-end-iter009150-20260820T002135Z.cas.h5,C:\Temp\03A-stage3-F07\F07-40pct-end-iter009150-20260820T002135Z.dat.h5,PAIR_PRESENT_STAGE_UNCONFIRMED
F08,20260820T044148Z;retry80=20260820T054146Z,12000,full-mixture,40,0.7,79.394513,108.832864,46.738711,32.655802,74.639230,1.779197,14.173581,18.240857,37.078571,37.078571,63.501357,-0.739116,323.419229,248.387512,243.778877,1119922.325,1121940.340,-77.675,C:\Users\syok443\Documents\FluentRuns\03A-stage3\F08\recovery-20260820T044148Z\F08-full-mixture-40pct-iter012000-20260820T044148Z.cas.h5,C:\Users\syok443\Documents\FluentRuns\03A-stage3\F08\recovery-20260820T044148Z\F08-full-mixture-40pct-iter012000-20260820T044148Z.dat.h5,VALID_PRE_FAILURE
F09,20260820T082047Z,3000,full-mixture,10,0.5,19.848628,370.158380,11.684678,8.163951,358.916406,0.611192,0.000000,10.630782,1764.906615,1764.906615,2976.914979,30.216152,3095.118490,2035.338948,1894.732836,1117749.654,1119827.699,-2250.346,C:\Temp\03A-stage3-F09\F09-10pct-end-iter003000-supervised-20260820T082047Z.cas.h5,C:\Temp\03A-stage3-F09\F09-10pct-end-iter003000-supervised-20260820T082047Z.dat.h5,VALID_COMPLETED_ENDPOINT
F09,20260820T082047Z,6000,full-mixture,20,0.5,39.697256,284.564850,23.369355,16.327901,232.942205,36.938841,5.922225,8.761580,616.837575,616.837575,1054.850190,-10.069242,2108.039448,1077.520047,1013.832494,1120137.417,1123219.849,137.417,C:\Temp\03A-stage3-F09\F09-20pct-end-iter006000-supervised-20260820T082047Z.cas.h5,C:\Temp\03A-stage3-F09\F09-20pct-end-iter006000-supervised-20260820T082047Z.dat.h5,VALID_COMPLETED_ENDPOINT
F09,20260820T082047Z,9000,full-mixture,40,0.5,79.394513,99.922474,46.738711,32.655802,55.947207,11.439460,14.330917,18.204891,25.855642,25.855642,44.177419,-0.367453,398.451631,229.009644,222.998620,1120543.475,1122647.987,543.475,C:\Temp\03A-stage3-F09\F09-40pct-end-iter009000-supervised-20260820T082047Z.cas.h5,C:\Temp\03A-stage3-F09\F09-40pct-end-iter009000-supervised-20260820T082047Z.dat.h5,VALID_COMPLETED_ENDPOINT
F09,20260820T082047Z,12000,full-mixture,80,0.5,158.789026,963.381405,93.477422,65.311604,886.663114,16.672864,23.130204,36.915223,506.705281,506.705281,866.368095,-8.063157,2449.257895,700.132030,657.993370,1099799.992,1213520.247,-20200.008,C:\Temp\03A-stage3-F09\F09-80pct-end-iter012000-supervised-20260820T082047Z.cas.h5,C:\Temp\03A-stage3-F09\F09-80pct-end-iter012000-supervised-20260820T082047Z.dat.h5,VALID_COMPLETED_ENDPOINT
F09,20260820T082047Z,15000,full-mixture,100,0.5,198.486282,1490.222597,116.846777,81.639505,1389.555242,28.042760,23.848829,48.775765,650.793748,650.793748,1113.211044,-11.042339,2959.918598,796.019920,741.595378,1085955.224,1213697.482,-34044.776,C:\Temp\03A-stage3-F09\F09-100pct-end-iter015000-supervised-20260820T082047Z.cas.h5,C:\Temp\03A-stage3-F09\F09-100pct-end-iter015000-supervised-20260820T082047Z.dat.h5,VALID_COMPLETED_ENDPOINT
F11,20260820T013223Z,3000,full-mixture,10,0.3,19.848628,194.251385,11.684678,8.163951,104.740969,81.102387,0.000006,8.408023,878.664031,878.664031,1490.487656,2.989706,11383.446688,4690.475804,4179.590209,1119978.410,1120393.197,-21.590,C:\Users\syok443\Documents\FluentRuns\03A-stage3\F11\run-20260820T013223Z\03A-stage3-F11-full-mixture-10pct-end-20260820T013223Z.cas.h5,C:\Users\syok443\Documents\FluentRuns\03A-stage3\F11\run-20260820T013223Z\03A-stage3-F11-full-mixture-10pct-end-20260820T013223Z.dat.h5,RAW_READBACK_LEGACY_REPORT_CONFLICT
F11,20260820T013223Z,6000,full-mixture,20,0.3,39.697256,138.001329,23.369355,16.327901,49.475645,72.877011,0.002084,15.646589,247.634424,247.634424,423.560251,-4.159922,8067.212354,4714.406548,4211.899858,1120746.104,1120877.984,746.104,C:\Users\syok443\Documents\FluentRuns\03A-stage3\F11\run-20260820T013223Z\03A-stage3-F11-full-mixture-20pct-end-20260820T013223Z.cas.h5,C:\Users\syok443\Documents\FluentRuns\03A-stage3\F11\run-20260820T013223Z\03A-stage3-F11-full-mixture-20pct-end-20260820T013223Z.dat.h5,RAW_READBACK
F11,20260820T013223Z,9000,full-mixture,40,0.3,79.394513,83.418862,46.738711,32.655802,46.713011,4.239143,8.876975,23.589733,5.068800,5.068800,9.014889,-0.579052,815.362892,733.814791,730.352108,1120045.149,1121139.424,45.149,C:\Users\syok443\Documents\FluentRuns\03A-stage3\F11\run-20260820T013223Z\03A-stage3-F11-full-mixture-40pct-end-20260820T013223Z.cas.h5,C:\Users\syok443\Documents\FluentRuns\03A-stage3\F11\run-20260820T013223Z\03A-stage3-F11-full-mixture-40pct-end-20260820T013223Z.dat.h5,RAW_READBACK
F11,20260820T013223Z,12000,full-mixture,80,0.3,158.789026,157.841180,93.477422,65.311604,89.530128,3.147930,27.059802,38.103321,-0.596921,0.596921,-0.855142,-0.227342,471.577915,366.379204,360.822977,1121673.039,1126768.644,1673.039,C:\Users\syok443\Documents\FluentRuns\03A-stage3\F11\run-20260820T013223Z\03A-stage3-F11-full-mixture-80pct-end-20260820T013223Z.cas.h5,C:\Users\syok443\Documents\FluentRuns\03A-stage3\F11\run-20260820T013223Z\03A-stage3-F11-full-mixture-80pct-end-20260820T013223Z.dat.h5,RAW_READBACK
F11,20260820T013223Z,15000,full-mixture,100,0.3,198.486282,173.919033,116.846777,81.639505,84.814283,7.436097,35.918437,45.750217,-12.377303,12.377303,-21.050129,0.035704,345.365472,194.153906,187.792881,1121690.391,1130554.789,1690.391,C:\Users\syok443\Documents\FluentRuns\03A-stage3\F11\run-20260820T013223Z\03A-stage3-F11-full-mixture-100pct-end-20260820T013223Z.cas.h5,C:\Users\syok443\Documents\FluentRuns\03A-stage3\F11\run-20260820T013223Z\03A-stage3-F11-full-mixture-100pct-end-20260820T013223Z.dat.h5,RAW_READBACK
F12,20260820T073316Z,6000,full-mixture,10,0.3,19.848628,10.576657,11.684678,8.163951,2.169218,0.161901,0.090588,8.154950,-46.713413,46.713413,-80.049783,0.999363,511.235817,285.483916,257.975411,1120024.067,1120078.870,24.067,C:\Users\syok443\Documents\FluentRuns\03A-stage3\F12\recovery-20260820T073316Z\F12-full-mixture-10pct-iter006000-20260820T073316Z.cas.h5,C:\Users\syok443\Documents\FluentRuns\03A-stage3\F12\recovery-20260820T073316Z\F12-full-mixture-10pct-iter006000-20260820T073316Z.dat.h5,VALID_COMPLETED_ENDPOINT
F12,20260820T073316Z,9000,full-mixture,20,0.3,39.697256,44.462743,23.369355,16.327901,26.795371,1.490075,3.518807,12.658489,12.004573,12.004573,21.036482,-0.922373,434.665011,360.106779,350.027345,1119926.960,1120315.963,-73.040,C:\Users\syok443\Documents\FluentRuns\03A-stage3\F12\recovery-20260820T073316Z\F12-full-mixture-20pct-iter009000-20260820T073316Z.cas.h5,C:\Users\syok443\Documents\FluentRuns\03A-stage3\F12\recovery-20260820T073316Z\F12-full-mixture-20pct-iter009000-20260820T073316Z.dat.h5,VALID_COMPLETED_ENDPOINT
F12,20260820T073316Z,12000,full-mixture,40,0.3,79.394513,79.452197,46.738711,32.655802,45.146835,1.735871,13.500601,19.068890,0.072655,0.072655,0.308085,-0.264305,302.414017,241.739323,238.143760,1120154.478,1121725.029,154.478,C:\Users\syok443\Documents\FluentRuns\03A-stage3\F12\recovery-20260820T073316Z\F12-full-mixture-40pct-iter012000-20260820T073316Z.cas.h5,C:\Users\syok443\Documents\FluentRuns\03A-stage3\F12\recovery-20260820T073316Z\F12-full-mixture-40pct-iter012000-20260820T073316Z.dat.h5,VALID_COMPLETED_ENDPOINT
F12,20260820T073316Z,15000,full-mixture,80,0.3,158.789026,139.788350,93.477422,65.311604,70.685501,3.790018,28.496123,36.816708,-11.965988,11.965988,-20.327800,0.001879,456.137089,349.293491,343.816636,1121106.415,1126896.291,1106.415,C:\Users\syok443\Documents\FluentRuns\03A-stage3\F12\recovery-20260820T073316Z\F12-full-mixture-80pct-iter015000-20260820T073316Z.cas.h5,C:\Users\syok443\Documents\FluentRuns\03A-stage3\F12\recovery-20260820T073316Z\F12-full-mixture-80pct-iter015000-20260820T073316Z.dat.h5,VALID_COMPLETED_ENDPOINT
F12,20260820T073316Z,18000,full-mixture,100,0.3,198.486282,176.439466,116.846777,81.639505,87.664311,7.374032,35.338528,46.062595,-11.107476,11.107476,-18.664130,-0.291994,374.373528,218.995252,212.438368,1121644.737,1130522.269,1644.737,C:\Users\syok443\Documents\FluentRuns\03A-stage3\F12\recovery-20260820T073316Z\F12-full-mixture-100pct-iter018000-20260820T073316Z.cas.h5,C:\Users\syok443\Documents\FluentRuns\03A-stage3\F12\recovery-20260820T073316Z\F12-full-mixture-100pct-iter018000-20260820T073316Z.dat.h5,VALID_COMPLETED_ENDPOINT
